Show Name,Play Count
SpongeBob SquarePants,6216
Rupert,3565
Rugrats,3080
Uh Oh!,3014
Sailor Moon,2836
Are You Being Served?,2542
Picture Pages,2361
Kitty Cats,2356
Dragon Ball Z,2263
Mona the Vampire,2242
Marie Soleil,2105
Camp Cariboo,2062
Keeping Up Appearances,2042
The Fairly OddParents,2009
You Can't Do That On Television,1969
Take Part,1954
Stickin' Around,1900
Hamtaro,1837
Shining Time Station,1798
The New Addams Family,1793
Breaker High,1678
Home and Away,1664
Yu-Gi-Oh!,1655
Seven Little Monsters,1642
George Shrinks,1636
Radio Active,1629
Pokémon,1629
Hey Arnold!,1601
Bonanza,1576
Teenage Mutant Ninja Turtles,1513
Smith and Smith,1473
Ballooner Landing,1473
The Big Comfy Couch,1471
Jacob Two-Two,1456
Monster By Mistake,1428
Time To Read,1418
Student Bodies,1406
Doctor Who,1404
Being Ian,1398
The Muppet Show,1345
Martin Mystery,1303
The Loud House,1284
Get Smart,1264
Care Bears,1263
ReBoot,1259
Digimon,1248
Are You Afraid of the Dark?,1246
My Family,1231
Goosebumps,1215
Mystery Hunters,1195
Super Dave Osborne,1172
Freaky Stories,1166
Flipper,1150
Scaredy Squirrel,1145
Beyblade,1144
Size Small,1118
Flying Rhino Junior High,1118
Batman,1116
The Flintstones,1106
Rock 'n Talk,1106
Maya The Bee,1103
Spider-Man,1094
The Adventures of Rocky and Bullwinkle and Friends,1092
Best & Bester,1091
The Waterville Gang,1085
System Crash,1074
Rocky & Bullwinkle,1072
Paul Hann and Friends,1036
Lamb Chop's Play-Along,1029
Just Like Mom,1028
Teen Titans,1028
Dragon Ball,1024
Video & Arcade Top 10,999
Groundling Marsh,994
Babar,987
"Yes, Minister",982
Circus,980
Beasties,971
Tarzan,971
Lassie,946
Yvon of the Yukon,943
Audubon Wildlife Theatre,887
The Friendly Giant,873
Catwalk,863
Big Wolf On Campus,827
Dexter's Laboratory,818
Let's Go,818
"Sharon, Lois & Bram's Elephant Show",816
Carol Burnett and Friends,815
"The Adventures of Jimmy Neutron, Boy Genius",807
Monster by Mistake,788
The Edison Twins,784
The Breakfast Zone,773
Garfield and Friends,766
Sabrina the Teenage Witch,759
Fuzzpaws,756
The Adventures of the Black Stallion,753
Jackie Chan Adventures,747
The Anti-Gravity Room,738
Hallo Spencer,730
Cloudy with a Chance of Meatballs: The Series,723
Bananas in Pyjamas,718
PJ Katie's Farm,717
Prank Patrol,711
Puttnam's Prairie Emporium,710
Ready or Not,708
Medabots,707
Wild Guess,706
X-Men,699
Casper,698
YTV News,697
Generation Gap,696
The Super Mario Bros. Super Show!,693
PJs,690
Little Bear,686
Maniac Mansion,686
Samurai Pizza Cats,682
15/Love,680
Count Duckula,678
Romper Room and Friends,677
YTV's Hit List,677
Mona The Vampire,676
Jellabies,671
Panda Bear Daycare,641
Captain Flamingo,636
Pingu,633
The Fresh Prince of Bel-Air,628
Little House on the Prairie,626
Dog House,625
Clips,624
Yes You Can,624
Paid Programming,605
Wildlife,598
Beezoo's Attic,598
Superhuman Samurai Syber-Squad,597
Ocean Girl,593
LazyTown,590
Maisy,583
Ollie's Pack,580
That's Incredible!,577
Under The Umbrella Tree,569
Tickle On The Tum,565
Elliot Moose,564
Once Upon A Hamster,562
What I Like About You,560
The Powerpuff Girls,558
Smallville,555
Woody Woodpecker,554
The Cisco Kid,552
Wayside,550
Poetree and Friends,547
Danger Force,543
Pollywog,539
The Jetsons,537
Muppet Babies,534
Animaniacs,533
Speed Racer,531
The Hilarious House of Frightenstein,520
The Littlest Hobo,517
She-Ra: Princess of Power,515
The Boy,509
Harrigan,507
The New Woody Woodpecker Show,503
Girlstuff/Boystuff,502
YTV Rocks,502
Positive Parenting,500
The Secret World of Alex Mack,494
Winx Club,492
St. Bear's Dolls Hospital,492
Nanalan',492
News From Zoos,491
What-A-Mess,490
Bob and Margaret,487
Anthony Ant,487
Doug,485
Willy & Floyd,479
Numb Chucks,478
Kid vs. Kat,477
Pinky and the Brain,477
Country Mouse & The City Mouse Adventures,474
The Twilight Zone,470
Alphabet Soup,468
Once Upon a Hamster,467
Postman Pat,465
Mischief City,464
Monster Rancher,462
Sidekick,459
Boy Meets World,454
The Kangazoo Club,453
Ghostbusters,452
George & Martha,449
Snelgrove Snail,449
28:48,448
Captain Planet and the Planeteers,447
iCarly,444
Danny Phantom,443
Contact,443
The Adventures of Shirley Holmes,442
The Adventures of Dudley The Dragon,442
Lamb Chop's Play-Along!,436
My Hometown,433
Kids' Corner,427
Anatole,422
Gigglesnort Hotel,419
My Country,419
Wishbone,414
Toothbrush Family,412
OWL/TV,412
The Adventures of Dudley the Dragon,408
Brady's Beasts,406
Spongebob Squarepants,403
Profiles of Nature,400
Alvin and the Chipmunks,399
The Amazing Adrenalini Brothers,394
Brownstone Kids,391
The Forest Rangers,388
StreetNOISE,388
Ruffus the Dog,383
Vampire High,378
Pick a Puppy,376
Roswell Conspiracies,376
Inuyasha,375
He-Man and the Masters of the Universe,374
Thunderbirds,373
Mopatop's Shop,373
Zorro,370
Hands Up Hands On,368
Fries with That?,366
Incredible Story Studio,364
Bugs Bunny,364
Pippi Longstocking,361
Jane and the Dragon,359
Tell-A-Tale Town,358
Kid's Corner,357
Pokémon: The Johto Journeys,355
Rocky and Bullwinkle,355
Mighty Morphin Power Rangers,354
Eric's World,350
Hit List,348
Wild Kingdom,348
Stickin Around,347
Free To Fly,347
The Bots Master,345
Pokemon,342
The Hit List,342
Rocko's Modern Life,342
Super Wish,342
The Campbells,338
Alpha 2 Omega,335
They Must Be Mad!,334
Going Great,332
Worst Witch,332
Madison,331
League of Super Evil,328
Grossology,325
Shadow Raiders,325
Lisa,324
Captain Nemo,324
The Odyssey,323
Pokémon: Johto League Champions,321
Team Galaxy,319
Rough Guide,318
Dark Oracle,315
Ghost Trackers,315
Justice League,314
Teen Titans Go!,313
Fries With That?,310
Snailympics,308
Big Wolf on Campus,305
The Fairly Oddparents,304
Mummies Alive!,304
Batman: The Animated Series,301
Willy and Floyd,301
X-Men: Evolution,298
Charlie Chalk,297
The Country Mouse and the City Mouse Adventures,294
Animal Stories,292
Samurai Jack,291
Malcolm in the Middle,291
Dennis the Menace,291
Judy & David's Boom Box,290
D'myna Leagues,290
Yvon Of The Yukon,289
Battle B-Daman,288
InuYasha,288
Sweet Valley High,288
Some Assembly Required,284
Bump In The Night,283
Buffy The Vampire Slayer,282
The Magic School Bus,281
Waterville Gang,280
The Pink Panther,278
Maya the Bee,275
Digimon Tamers,270
The Brownstone Kids,269
"Denver, The Last Dinosaur",269
Caitlin's Way,266
Rupert Bear,264
Storybook World,264
My Special Book,264
Red Dwarf,263
The Adventures of Robin Hood,261
The Tomorrow People,256
Dumb Bunnies,256
My Little Pony,255
Alvin & The Chipmunks,255
Nick Arcade,254
Dragon Ball GT,254
Funpak,254
Daria,254
Piñata Smashlings Shorts,248
NBA Dunk Street,248
They Must Be Mad,247
Yu-Gi-Oh! GX,247
Jem,247
Wonderstruck,247
Neon Rider,246
Almost Naked Animals,245
Bottom,245
Spy Academy,242
Gundam Wing,241
The Thundermans,240
Are You Afraid Of The Dark?,238
The Adventures of Spot,238
Pocket Dragon Adventures,238
Pablo the Little Red Fox,236
Rocket Power,236
The Zack Files,236
Dog City,235
Naruto,235
The Adventures of Snelgrove Snail,235
Timeblazers,235
Wonder Why?,234
Gamerz,230
The 3 Amigonauts,230
The Patrick Star Show,229
Bananas in Pajamas,227
"Yes, Prime Minister",227
CatDog,226
My Life as a Teenage Robot,225
Monster Warriors,223
The Mask,222
That's Incredible,220
Justice League Unlimited,219
Tiny Toon Adventures,218
Reboot,218
Ruffus The Dog,217
Woody Woodpecker & Friends,215
Kangazoo Club,215
Girlz TV,215
Action Man,214
Popularity Papers,214
Kipper,213
Keroppi and Friends,213
All Grown Up,213
Hello Kitty,212
Mental Block,212
Under the Umbrella Tree,211
Peter Pan,205
Poddington Peas,204
Make It Pop,204
Internet Tonight,204
Spatz,203
2point4children,203
Squawk Box,203
Xiaolin Showdown,203
Captain Power and the Soldiers of the Future,202
Batman Beyond,200
The Next Step,198
Superfriends,198
The Twisted Tales of Felix The Cat,197
Deepwater Black,197
PJ's,197
Hollywood's Ten Best,196
The Angry Beavers,196
Deke Wilson's Mini-Mysteries,195
The Charlie Brown and Snoopy Show,195
Beast Machines,195
Friendly Giant,194
Gilmore Girls,194
Mister Rogers' Neighborhood,193
Biker Mice From Mars,193
Paul Daniels' Magic Hour,192
Powerpuff Girls,191
Kleo the Misfit Unicorn,190
The New Leave It To Beaver,190
The Wild Thornberrys,189
D'Myna Leagues,188
He-Man & Masters Of The Universe,188
Walter Melon,187
Pokémon: Master Quest,187
Fame,187
Spider,186
The Real Adventures of Jonny Quest,186
Inspector Gadget,186
"Sharon, Lois and Bram's Elephant Show",186
Ruby Gloom,185
Watership Down,185
Night Hood,184
Cloudy With a Chance of Meatballs,183
Cloudy with a Chance of Meatballs,183
Detention,183
Aaahh!!! Real Monsters,182
Dragon Flyz,179
Pablo The Little Red Fox,177
Futurama,177
Let Me Prove It,177
Jacob Two Two!,177
The Young Ones,175
Moville Mysteries,174
Peter Pan & The Pirates,174
Mobile Suit Gundam Wing,173
Swiss Family Robinson,173
Trainer,171
Storm Hawks,171
Saber Rider and the Star Sheriffs,170
Dino-Riders,170
gAmerZ,169
Avatar: The Last Airbender,168
Big Comfy Couch,167
Buffy the Vampire Slayer,167
Mobile Suit Gundam SEED,166
Bananas In Pyjamas,165
Mr. Young,165
Snowy River: The McGregor Saga,165
The Amazing World of Gumball,165
"Nicky, Ricky, Dicky & Dawn",164
Young Canada,163
Insektors,162
Viva Piñata,162
Brats of the Lost Nebula,161
Adventures of the Little Mermaid,161
Three Friends & Jerry,159
Wind In The Willows,159
Plonsters,159
Monster Buster Club,158
2point4 Children,158
Worzel Gummidge,158
The Chronicles of Narnia,157
2030 CE,157
The Hardy Boys,157
Chip 'n Orbit,157
Warp,156
Bucky O'Hare and the Toad Wars,156
The Man From U.N.C.L.E.,156
The Worst Witch,155
Enchanted Lands,155
Erky Perky,154
You Can't Do That On Television!,154
The Care Bears Family,154
Maple Town,154
Adventures of Snelgrove Snail,154
Bizarre,152
Flash Gordon,152
Lazytown,152
Histeria!,152
YTV Rec Room,152
Jacob Two Two,149
Family Ties,149
Wind in the Willows,149
Battle B'Daman,149
Topper,149
Catdog,149
Captain Scarlet and the Mysterons,148
Chart Attack!,147
Pokemon: The Johto Journeys,146
Road Scholars,146
Zixx: Level One,146
Magic School Bus,146
Little House On The Prairie,145
Dennis The Menace,144
Oggy & The Cockroaches,144
Yogi Bear,144
I Love Mummy,143
The Haunted Hathaways,143
Bread,143
Legend of the Hidden City,142
Viva Pinata,142
Just For Laughs: Gags,140
The Intrepids,140
Driving Me Crazy,140
Chuck's Choice,139
Sky Dancers,139
The Red Green Show,138
C.O.P.S.,138
Spider-Man: The New Animated Series,137
Whose Line Is It Anyway?,137
Putnam's Prairie Emporium,137
Paul Daniels' Magic Show,137
Angry Beavers,136
Small Talk,135
Guinevere Jones,135
As Told By Ginger,135
Mighty Max,135
Mermicorno: Starfall,133
Kids Corner,133
Big Time Rush,133
Crayon Box,132
Max Glick,132
The Adventures of Rocky & Bullwinkle and Friends,132
The Berenstain Bears,132
Xtreme,130
Home Movies,130
Drake & Josh,128
Knights of the Zodiac,128
SD Gundam Force,127
Dino Babies,127
Chef!,127
Earthworm Jim,124
It's Alive,124
Weird Years,124
Me and Max,123
The Third Man,123
Anti-Gravity Room,123
Adventures of Spot,123
Bump in the Night,122
Tough To Be Young,122
ChalkZone,122
The Lone Ranger,121
Henry Danger,121
Pinocchio,120
The Wacky World of Tex Avery,120
Missing Treasures,120
Digimon Frontier,120
Adventures of Dudley The Dragon,119
Yes Minister,119
Oliver's Twist,118
I Was A Sixth Grade Alien,118
America's Funniest Home Videos,117
All Grown Up!,117
Treasure,117
Saddle Club,116
Tyler Perry's Young Dylan,116
The Penguins of Madagascar,116
Animorphs,116
Transformers: Energon,116
Hurricanes,116
Fat Albert,116
Rated A for Awesome,115
Zixx: Level Two,115
Woody Woodpecker and Friends,114
The New Archies,114
The Little Vampire,114
Stingray,113
Oggy and the Cockroaches,112
Pink Panther,112
Yu-Gi-Oh,112
Peter Pan & the Pirates,111
Dr. Xargle,111
Kamp Koral: SpongeBob's Under Years,111
Rec Room,111
Story Theatre,110
Jacques Cousteau's Ocean Tales,110
Piñata Smashlings,109
Splatalot,109
Brady's Beast,109
Blake's 7,108
One Piece,108
Littl' Bits,107
Screech Owls,107
Life with Boys,107
The Woody Woodpecker Show,107
Kleo The Misfit Unicorn,106
Extreme Ghostbusters,106
Casper The Friendly Ghost,106
Hand's Up Hand's On,106
Two Of A Kind,106
Generation O!,105
It's Alive!,105
Country Mouse and the City Mouse Adventures,104
Witch Hunter Robin,104
The Mummy,104
Transformers Energon,104
YTV Hits,104
Super Dave,103
Downtown,102
Surf Shack,102
Dr. Fad,102
Roy Rogers Theatre,101
The Trouble With Tracy,101
My Little Pony Tales,101
UNICEF,101
Special Edition,101
VICTORiOUS,101
Jake and the Kid,100
"Eerie, Indiana",100
So Little Time,100
Friends of the Forest,99
A Heartbeat Away,99
Duel Masters,98
Bertha,98
Lamb Chop's Play Along,97
Bobby's World,97
KaBlam!,97
Mr. Wizard's World,97
Streetnoise,97
Robotboy,96
Ninja Turtles: The Next Mutation,96
Timothy Goes to School,96
Pinky & The Brain,96
Fresh Gear,95
How to Be Indie,95
The Really Loud House,95
Xcalibur,94
Legend of White Fang,93
Ultimate Book Of Spells,93
The White Shadow,93
Pokémon: Advanced Challenge,93
Home To Roost,93
EMU TV,92
Galidor: Defenders of the Outer Dimension,92
Wild Side,91
Super Duper Sumo Wrestlers,91
He-Man & The Masters of the Universe,91
Lamb Chop's Play Along!,91
Made Up,91
Thomas The Tank Engine,90
Walter Mellon,90
Catscratch,90
Adventures in Rainbow Country,90
Seriously Weird,90
Max & Shred,90
Weird-Oh's,90
Live Through This,90
Ronnie 'n The Browns,89
Bleach,89
Robin of Sherwood,88
Willa's Wild Life,88
The Adrenaline Project,88
The New Red Green Show,88
Creepy Crawlers,88
Romper Room,88
Ghost in the Shell: Stand Alone Complex,88
Stressed Eric,88
Victorious,87
The Tripods,87
Mew Mew Power,87
Transformers Cybertron,87
Bump,87
Stuart Little,86
Rescue Heroes,86
Pokémon Advanced,86
I Was a Sixth Grade Alien,86
Pokémon: Advanced Battle,86
The Adventures of Tintin,85
Mr. Magoo,85
That's So Weird,85
Pokémon Chronicles,85
.hack//SIGN,85
The Wind in the Willows,85
The Cramp Twins,84
Gundam Seed,84
Drake and Josh,84
All Dogs Go To Heaven: The Series,84
MTV's Oddities,83
Beakman's World,83
Bedtime Stories,82
NBA Inside Stuff,82
Barbie: It Takes Two,82
Gamespot Int'l,82
The Next Star,82
Ultimate Book of Spells,82
The Secret Lives of Waldo Kitty,82
Today's Parent Television,82
Tilt 23 1/2,81
"Hey Vern, It's Ernest!",81
Adventures of Shirley Holmes,81
Game Shakers,81
Extreme Babysitting,81
The Man from U.N.C.L.E.,80
Two of a Kind,80
Transformers: Cybertron,80
8 Simple Rules,79
Whatever Turns You On,79
Happy Birthday,79
The Haunting Hour,78
Tickle on the Tum,78
Alvin and The Chipmunks,78
George and Martha,78
Static Shock,78
Olsen Twin Special,77
Hi Hi Puffy AmiYumi,77
Degrassi: The Next Generation,77
Video & Arcade Top Ten,77
Yu-Gi-Oh!: Rulers of the Duel,77
Press Gang,77
Jungle Tales,77
Nickelodeon GUTS,76
Children's Ward,76
Sidestreet,76
Just Kidding,76
Fullmetal Alchemist,75
The World of Peter Rabbit and Friends,74
Super Duper Sumos,74
"Denver, the Last Dinosaur",74
Sitting Ducks,74
Everybody Hates Chris,74
Magic Hour,73
The New Fred and Barney Show,73
Smith & Smith,72
Rainmakers,72
Unfabulous,72
Surf's Up! Let's Cook,72
Transformers Armada,72
Do It For Yourself,72
Madeline,72
Santa Calls,72
Sheeep,72
Nerds & Monsters,71
Me and My Girl,71
The Casagrandes,71
Wild and Crazy Kids,71
The Mr. Men Show,71
Sam & Cat,70
Crush,70
"Big Teeth, Bad Breath",69
Game On,69
Beasties: Transformers,69
Beyblade G-Revolution,69
Falcon Beach,69
Super Mario Bros. Super Show,69
Comedy Mill,69
Hamilton's Quest,69
The Flaxton Boys,68
Zatch Bell!,68
Jurassic World: Camp Cretaceous,68
Kid vs Kat,68
The New Adventures of He-Man,68
Transformers: Armada,67
Charlie Brown,67
Hypernauts,67
The Adventures of Jimmy Neutron: Boy Genius,67
Game Gurus,67
The Stanley Dynamic,66
Farscape,66
D.I.C.E.,66
nanalan',66
Peanuts,66
Home to Roost,66
Making The Band,65
The Crayon Box,65
Big Meg Little Meg,65
TO BE ANNOUNCED,65
Edison Twins,65
It'll Never Work,64
Tell-a-Tale Town,64
The Twins,64
3 Amigonauts,64
Braceface,64
Marie-Soleil,64
Santo Bugito,64
Spartakus,63
Thomas the Tank Engine,63
Once Upon a Hamser,63
Hey Arnold,63
Fudge,63
The Incredible Story Studio,63
Dracula: The Series,63
Fries With That,63
Blue's Clues,63
Pumper Pups,62
Undercover High,62
Kung Fu Panda: Legends of Awesomeness,62
Turtle Island,62
Space: 1999,62
Zoids,61
The Mighty Ones,61
Dead Last,61
Rollbots,61
Transformers: EarthSpark,61
The Adventures of Dawdle the Donkey,61
Lost Kingdoms,61
Code Lyoko,61
Zack Files,61
The Wild Thornberry's,61
Final Cut,60
Super Wish: Meet the Hoomans,60
Pokémon: Advanced,60
Planet Fashion,59
Vision of Escaflowne,59
The Toothbrush Family,59
Wild & Crazy Kids,59
Beyblade V-Force,59
Katts and Dog,58
Weird Science,58
Peter Pan and The Pirates,58
The Friendy Giant,58
Power Stone,58
Bob in a Bottle,58
Full Metal Alchemist,58
The Nick Cannon Show,58
Adventures of Dudley the Dragon,57
Dance Mix,57
Megamind Rules!,56
Max and Shred,56
Spliced,56
Wipeout,56
The Ghosts of Motley Hall,56
Big Bad Beetleborgs,56
Littlest Pet Shop,56
Grizzly Tales for Gruesome Kids,56
Maid Marian and her Merry Men,56
Swans Crossing,56
Blackstar,56
Scariest Places on Earth,55
Back at the Barnyard,55
Folly Foot,55
Young Hercules,54
Simon and the Witch,54
The Zeta Project,54
Sabrina The Teenage Witch,54
Back to Sherwood,54
Karvonen,54
Mister Roger's Neighborhood,54
Family Biz,54
Sam & Max,53
Scooby-Doo and Guess Who?,53
T.U.F.F. Puppy,53
Wildside,53
The Croods: Family Tree,52
Zoink'd,52
Splatalot!,52
Angelina Ballerina,51
Dexter's Labratory,51
Barriers,51
Street Sharks,51
Eureka Seven,51
Roy Rogers' Theatre,51
Mr. Microchip,51
All Together Now,51
The Kids of Degrassi Street,51
Men in Black: The Series,51
Bigshots,51
Fennec,50
Go Away Unicorn!,50
Rock 'n' Talk,50
Man and Nature,50
Sailor Moon R,50
Eek! The Cat,50
Maid Marian and Her Merry Men,49
Pound Puppies,49
Oswald,49
Country Mouse & City Mouse Adventures,49
TrollsTopia,49
Committed,49
Mysticons,49
Just for Laughs: Gags,49
Mobile Suit Gundam SEED Destiny,49
Super Dave's All Stars,48
Take Off,48
Shuriken School,48
Rex the Runt,48
Yaa! To The M@x,48
Cadillacs and Dinosaurs,48
The Twisted Tales of Felix the Cat,48
Roundhouse,48
Sausage Factory,48
Lucy Sullivan Getting Married,48
Scary But True,48
My Brand New Life,48
Vision Of Escaflowne,47
"Sabrina, the Teenage Witch",47
Adventures Of Dudley The Dragon,47
Boy Dominic,47
The Adventures of Sonic The Hedgehog,47
Tenko and the Guardians of the Magic,46
"Wolves, Witches and Giants",46
The Hit List with Tarzan Dan,46
Paul Daniel's Magic Show,46
Noah Knows Best,46
Fear,46
Hillside,46
Ron Oliver,46
Transformers: Generation 2,46
Casper's Scare School,45
Monster High,45
King Arthur & The Knights of Justice,45
The Three Amigonauts,45
Plankton's Old Chum / Stormy Weather,45
The Adventures of Black Beauty,45
Marie Soeil,45
Zoids: New Century,45
Heavy Gear: The Animated Series,45
Forgotten Toys,44
Mr. D,44
Five Times Dizzy,44
Rock Paper Scissors,43
6Teen,43
Pokémon Master Quest,43
Video and Arcade Top 10,43
"Pinky, Elmyra and the Brain",43
Charlie Brown and Snoopy,43
The X's,43
Toxic Crusaders,43
Time to Read,42
Spider!,42
The Judge,41
Elephant Boy,41
Smart Guy,41
Big Nate,41
The Garfield Show,41
"Al Oeming, Man of the North",41
Blade Warriors,40
Little Grey Rabbit,40
OWL / TV,40
George,40
Bubbletown / Girls' Night Out,40
Archibald the Koala,40
Home & Away,40
Paid Programming: Body Flex,40
Charlie Brown and Snoopy Show,40
Works,40
Jacques Costeau's Ocean Tales,40
DreamWorks Dragons: The Nine Realms,39
Going Places,39
Andy Robson,39
FarmerBob / Gary & Spot,39
"Be Cool, Scooby-Doo!",39
Katts & Dog,39
Cuddle E. Hugs / Pat the Horse,39
The Wind In The Willows,39
Junior Chef Showdown,38
The Undersea Adventures of Captain Nemo,38
The Country Mouse and City Mouse Adventures,38
Spartakus and the Sun Beneath the Sea,38
Drive Happy / Old Man Patrick,38
Kablam,38
SpongeBob’s Road to Christmas,38
Nerds and Monsters,38
Shaman King,38
Metabots,38
Ultimate Goosebumps,38
Spin the Bottle / There's a Sponge in My Soup,38
The Forgotten Toys,38
Dr. Who,38
Don't Lick the Pig,38
Josie and the Pussycats,37
No Sweat,37
He-Man & The Masters Of The Universe,37
Scariest Places On Earth,37
Pinky and The Brain,37
Are You Being Served,37
Arthur C. Clarke's Mysterious World,37
Transformers: Robots in Disguise,37
My Favorite Martian,37
Xuxa,37
Goons on the Moon,37
Chip N Orbit,37
Pearlie,37
Channel Umptee-3,36
The Secret Files of the Spy Dogs,36
Enid Blyton's Enchanted Lands,36
YTV In Class: The Video,36
Alienators: Evolution Continues,36
Dawdle The Donkey,36
In Real Life,36
Pokémon Advanced Battle,36
Nancy Drew,36
Battletech,35
The Bittles,35
Wheel of Fortune 2000,35
Travels With Mom,35
The Real World,35
King Arthur and the Knights of Justice,35
Canada On Film,35
Transformers: Robots In Disguise,35
Clang Invasion,35
All Our Children,35
Adventures of Sonic the Hedgehog,35
Mary Kate & Ashley: In Action,34
Appointment TV / Karen's Virus,34
Monsters vs. Aliens,34
Adventures of the Little Prince,34
Whale Watching / Krusty Kleaners,34
The Krusty Slammer / Pineapple RV,34
Stanley Dynamic,34
Little House: A New Beginning,34
The Real World: New York,34
Survive This,34
The Adventures of Blinky Bill,34
Will & Dewitt,34
Children of the World,34
Little Vampire,34
Safari,34
Pokémon: Battle Frontier,34
Percy's Park,34
Mopatops Shop,34
The New Fred & Barney Show,33
Plankton Paranoia / Library Cards,33
Another Life - Another World,33
Kids of Degrassi Street,33
Josie & The Pussycats,33
Rolie Polie Olie,33
Cubix,33
The Brothers Garcia,33
Hotel Transylvania (2012),33
The New Adventures of Captain Planet,33
The Krusty Bucket / Squid's on a Bus,33
UNICEF: Rights of the Child,33
Owl / TV,33
Bella and the Bulldogs,33
Mummies Alive,33
"No Pictures, Please / Stuck on the Roof",32
Transformers Animated,32
Wide World of Kids,32
Mr. Microchips,32
My Favorite Martians,32
Chart Attack,32
Broken Alarm / Karen's Baby,32
The Adventures of Jimmy Neutron Boy Genius,32
Life Insurance / Burst Your Bubble,32
Stuart Little (1999),32
Grizzly Tales For Gruesome Kids,32
YTV's Young Canada,32
St Bear's Dolls Hospital,31
Pig Goat Banana Cricket,31
Dinosaur King,31
Blue's Big City Adventure (2022),31
Nanalan,31
Turbo (2013),31
Astro Boy,31
Paid Program,31
Monster High 2 (2023),31
Super Rupert,31
Adventures of the Black Stallion,31
Three Friends and Jerry,31
Hotel Transylvania: The Series,31
My Leg! / Ink Lemonade,31
Beyblade Metal Fusion,31
Captain Underpants: The First Epic Movie (2017),30
Stuart Little 2 (2002),30
Blinky Bill,30
Best and Bester,30
The Legend of the Hidden City,30
Penguins of Madagascar (2014),30
Krypto the Superdog,30
gamerZ,30
Unreal Estate / Code Yellow,30
Pokémon: Diamond and Pearl,29
Thumb Wrestling Federation,29
Malcolm In The Middle,29
Shrek the Third (2007),29
Adventures of Blinky Bill,29
Rabbids Invasion,29
The ZhuZhus,29
Who's Line Is It Anyway?,29
Cave Dwelling Sponge / The Clam Whisperer,29
Suzuki's Nature Quest,29
Endurance,29
Chalkzone,29
Something Narwhal This Way Comes / C.H.U.M.S,29
Krabby Patty Creature Feature / Teacher's Pests,29
Life With Boys,29
Gruey,28
YAA! to the M@X,28
The Nightmare Room,28
PJ Kaite's Farm,28
R.O.S. The All New Ron Oliver Show,28
Bucky O'Hare and The Toad Wars,28
Hero High,28
Hotel Transylvania 2 (2015),28
Daring & Grace: Teen Detectives,28
"Big Sister, Little Brother",28
Mr. Rogers' Neighborhood,28
We Heart Hoops / SpongeChovy,28
Doodle Dimension / Moving Bubble Bass,28
Fox's Peter Pan & the Pirates,28
My Friend Patty / FUN-Believable,27
The Secret Files of the SpyDogs,27
Super Dave's All-Stars,27
The Vision of Escaflowne,27
6teen,27
Gamespot TV,27
The Ghost of Plankton / My Two Krabses,27
Canada's Best,27
The Angry Birds Movie (2016),27
AAAHH!!! Real Monsters,27
Lighthouse Louie / Hiccup Plague,27
Twilight Zone,26
The Santa Claus Brothers (2001),26
Flipper: The New Adventures,26
The Smurfs (2011),26
Fireheart (2022),26
Home Alone (1990),26
Conan the Adventurer,26
Jep!,26
A Charlie Brown Christmas (1965),26
Viva S Club,26
Pretty Cure,26
Forest Rangers,26
Adventures of Sonic The Hedgehog,26
Monster High: The Movie (2022),26
Aeon Flux,25
Princess Gwenevere and the Jewel Riders,25
Krusty Koncessionaires / Dream Hoppers,25
Country Mouse and City Mouse Adventures,25
Casper and Friends,25
Beyblade X,25
Ready Or Not,25
Despicable Me (2010),25
Mustard O' Mine / Shopping List,25
Captain N: The Game Master,25
Mamemo,25
Yu Gi-Oh!,25
"Pinky, Elmyra & the Brain",25
Tomorrow People,25
YTV Shorts,25
Space Jam (1996),24
Bunny Hunt / Sanitation Insanity,24
Beyblade: G-Revolution,24
Ma and Pa's Big Hurrah / Yellow Pavement,24
Vid Kids,24
15 Love,24
Don't Lick The Pig,24
Piñata Smashlings (shorts),24
Mind the Gap / Dirty Bubble Returns,24
Wolverine and the X-Men,24
Invader Zim,24
Histeria,24
Patnocchio / ChefBob,24
Secret Files of the Spy Dogs,23
Pinky And The Brain,23
The Legend of Boo-Kini Bottom,23
Malcom in the Middle,23
JEP!,23
Why TV?,23
High Sea Diving / Bottle Burglars,23
Tell A Tale Town,23
Bob The Builder,23
The Adventures of the Little Prince,23
Best of YTV Hits,23
Madagascar (2005),23
Destructoe Brothers on the Run,23
How to Train Your Dragon 2 (2014),23
The Wizard of Oz,23
Sing (2016),23
The Thundermans: Undercover,23
The Legend of White Fang,23
Yu-Gi-Oh! Rulers of the Duel,23
The Mighty B!,23
Top Chef: Family Style,23
Bezoo's Attic,23
Boss for a Day / The Goofy Newbie,22
New Student Starfish / Clams,22
Robin Of Sherwood,22
Trading Spaces: Boys vs. Girls,22
Harvey Beaks,22
Twisted Tales of Felix The Cat,22
Surf's Up! Let's Cook!,22
Minions (2015),22
Breakfast Zone,22
Squid Noir / ScavengerPants,22
Bob & Margaret,22
Brambly Hedge,22
Sanjay and Craig,22
Adventures of Daring & Grace,22
Fantastic Four: World's Greatest Heroes,22
The LEGO Movie (2014),22
Mighty Hercules,22
Space 1999,22
Zokie of Planet Ruby,22
Nasty Patty / Idiot Box,22
The Incredible Shrinking Sponge / Sportz?,22
The Hit List With Tarzan Dan,22
Shrek (2001),22
Case Closed,22
Little Orphan Annie's A Very Animated Christmas (1995),22
Patrick's Coupon / Out of the Picture,22
Flat!,22
Pokémon Diamond & Pearl: Battle Dimension,21
Bots Master,21
A Flintstone Christmas (1977),21
Black Beauty,21
Paul Daniels Magic Hour,21
Romeo!,21
Dawdle the Donkey,21
Free to Fly,21
SpongeBob's Place / Plankton Gets the Boot,21
The Legend of Korra,21
Nickelodeon Guts,21
Daylight Savings Time,21
The Fuzzpaws,21
Carnival Eats,21
Happy Ness: The Secret of the Loch,21
Despicable Me 3 (2017),21
UNICEF: Righting Our Future,21
Superhuman Samurai Syber Squad,21
Arbor Day Disarray / Ain't That the Tooth,21
Legend Of White Fang,21
The Comedy Mill,21
The Hitchhiker's Guide to the Galaxy,21
Girlstuff Boystuff,21
Snagglepuss,21
Mister Rogers,21
In South Seas,20
Spot Returns / The Checkup,20
The Huckleberry Hound Show,20
Big Bad BeetleBorgs,20
Wet Painters / Krusty Krab Training Video,20
The Enchanted World of Brambly Hedge,20
S.W.A.L.K.,20
Judy and David's Boom Box,20
Feral Friends / Don't Wake Patrick!,20
Sonic The Hedgehog,20
News from Zoos,20
The New Adventures of Madeline,20
Edgar & Ellen,20
Looney Tunes Cartoons,20
Frontier Doctor,20
Stars On Ice,20
A Flintstones Christmas Carol (1994),20
Chatterbox Gary / Don't Feed the Clowns,20
Salty Sponge / Karen for Spot,20
The Secret Life of Pets 2 (2019),20
YAA! To the M@X,20
The Magic Key,20
The Boss Baby (2017),20
Shrek 2 (2004),20
Delivery to Monster Island / Ride Patrick Ride,20
B.A.D. Boyes,20
Oh No! It's an Alien Invasion,20
Jacob Two-Two!,20
Despicable Me 2 (2013),20
Beetlejuice (1988),20
Garfield,20
State Of Grace,20
Squirrel Jelly / The String,20
Kung Fu Panda (2008),20
Zixx: Level Three,20
Fanboy & Chum Chum,20
The Croods (2013),19
The Christmas Elves (1995),19
Bubble Bass's Tab / Kooky Cooks,19
Plankton Retires / Trident Trouble,19
The Muppets Show,19
"Big Top Flop / Sandy, Help Us!",19
Space Strikers,19
Pandalian,19
Romuald the Reindeer,19
"It's Christmastime Again, Charlie Brown (1992)",19
"Go Away, Unicorn!",19
Rudolph the Red-Nosed Reindeer (1964),19
You Can't Do That on Television,19
Elephant Show,19
Krabby Land / The Camping Episode,19
Knight Squad,19
Yu-Gi-Oh 5D's,19
Canadian Improv Games,19
The Goonies (1985),19
NBA: Inside Stuff,19
Fright Krewe,19
The Haunting Hour: The Series,19
Fatherhood,19
Papyrus,18
A Place for Pets / Lockdown for Love,18
Friendiversary / Mandatory Music,18
The Saddle Club,18
My Favourite Martians,18
"Knock Knock, Who's There? / Pat Hearts Squid",18
Death Note,18
Squidward's Sick Daze / Under the Small Top,18
The Ant Bully (2006),18
Squidferatu / Slappy Daze,18
The Nitwitting / The Ballad of Filthy Muck,18
SpongeBob's Spookiest Scenes Countdown Special,18
Country Mouse and City Mouse,18
Conan The Adventurer,18
Hot Crossed Nuts / Sir Urchin and Snail Fail,18
Snooper & Blabber,18
Krusty Catering / Snooze You Lose,18
Happy Feet (2006),18
Trolls (2016),18
Dudley The Dragon,18
24Seven,18
Strawberry Shortcake,18
Sandy's Nutty Nieces / Insecurity Guards,18
New Adventures of He-Man,18
Cats & Dogs: The Revenge of Kitty Galore (2010),18
Flushed Away (2006),18
Peter Pan and the Pirates,18
Weird-Ohs,18
Wide World Of Kids,18
SpaceBob MerryPants,17
Saber Riders,17
Young Sherlock,17
The Adventures of Daring & Grace,17
Shell Games / Senior Discount,17
The Adventures of Sonic the Hedgehog,17
24seven,17
Pokémon: Black & White,17
George The Dog,17
Men In Black: The Series,17
Barbie Dreamhouse Adventures,17
Zatch Bell,17
"Nicky, Ricky, Dicky, & Dawn",17
Poetree And Friends,17
The Wonderfully Weird World of Gumball,17
YTV In Class,17
King Arthur & the Knights of Justice,17
Monsters vs. Aliens (2009),17
Punky Brewster,17
The Wizard of Oz (1939),17
Abominable (2019),17
Beyblade V Force,17
The Cat in the Hat Knows a Lot About That!,17
Swamp Mates / One Trick Sponge,17
Rated A For Awesome,17
"Be My Valentine, Charlie Brown (1975)",17
The Naked Brothers Band,17
The LEGO Batman Movie (2017),17
Microsoft.net Show,17
Over the Hedge (2006),17
Pokémon Horizons: The Series,17
New From Zoos,17
Kung Fu Panda 3 (2016),17
Fun-Sized Friends / Grandmum's the Word,17
Yogi's First Christmas (1980),17
Timothy Goes To School,17
TV & Me,17
What-a-Mess,17
The Sponge Who Could Fly,16
Stories of the Century,16
Say 'Awww!' / Patrick the Mailman,16
Denver The Last Dinosaur,16
SpongeBob's Road to Christmas,16
Stars on Ice,16
Goofy Scoopers / Pat the Dog,16
Swimming Fools / The Goobfather,16
Paul Daniels Magic Show,16
Santa Claus Is Comin' to Town (1970),16
Changing Worlds,16
Just Jamie,16
NFB Presents,16
SpongeBob's House Party,16
Microsoft's .net Show,16
StarStreet,16
Oddities,16
Opposite Sex,16
Yu-Gi-Oh! Zexal,16
News Outreach,16
Lucy Sullivan is Getting Married,16
Emu TV,16
Daddy Day Care (2003),16
NFB Canada On Film,16
Shazam,16
Cook'd,16
Archibald's Next Big Thing Is Here,16
Blue Dragon,16
SpongeBob in RandomLand / SpongeBob's Bad Habit,16
Weirdsister College,15
Big Bad Bubble Bass / Sea-Man Sponge Haters Club,15
Cloudy with a Chance of Meatballs (2009),15
Spatula of the Heavens / Gary's Playhouse,15
Pippi Longstockings,15
Star Falls,15
The Emoji Movie (2017),15
B-Daman Crossfire,15
Biddy Sitting / Jolly Lodgers,15
Don't Ask Me,15
New Leave It To Beaver,15
That's So Weird!,15
Siwa's Dance Pop Revolution,15
The Secret Life of Pets (2016),15
Christopher the Christmas Tree (1993),15
All Dogs Go to Heaven: The Series,15
ViCTORiOUS,15
Carol Burnett & Friends,15
Pokémon Horizons: The Search for Laqua,15
The Swiss Family Robinson,15
The SpongeBob Movie: Sponge Out of Water (2015),15
Real Adventures of Jonny Quest,15
Handemonium / Breakin',15
Food PBBFT! Truck / Upturn Girls,15
The Berenstain Bears (2002),15
How to Train Your Dragon: The Hidden World (2019),15
Babar and the Adventures of Badou,15
Mount Royal,15
GirlStuff/BoyStuff,15
Mr Magoo,15
Jacob-Two-Two,15
Barney & Friends,15
To Grandmother's House We Go (1992),15
Gundam SEED,15
Me & My Girl,15
Christopher The Christmas Tree (1993),15
Dopey Dick / Plankton and the Beanstalk,15
Lego City Adventures,15
Jumanji,14
Percy the Park Keeper,14
Snooze You Lose / Krusty Katering,14
The Adventures of the Little Mermaid,14
Donner (2001),14
Beyblade Metal Fury,14
Hollywood's Top 10,14
Lost and Found / The Getaway,14
Idaten Jump,14
Kids Can Rock and Roll,14
The Incredible Shrinking SpongeBob / Sportz?,14
Larry the Floor Manager / Man Ray Returns,14
Who R Zoo? / Kwarantined Krab,14
Beyblade G Revolution,14
Addams Family Values (1993),14
Born Again Krabs / I Had an Accident,14
Second Honeymoon,14
Gary's Got Legs / King Plankton,14
Skunk Fu!,14
Bee Movie (2007),14
My Diary,14
Nanny McPhee (2005),14
Intrepids,14
My Famly,14
Mad Jack the Pirate,14
A Charlie Brown Thanksgiving (1973),14
Snowball Effect / One Krab's Trash,14
Little Charmers,14
Club SpongeBob / My Pretty Seahorse,14
The Adventures Of Shirley Holmes,14
Mary-Kate and Ashley in Action!,14
Rudolph and Frosty's Christmas in July (1980),14
Mission Yeti (2017),14
BassWard / Squidiot Box,14
Sonic X,14
R.O.S. - The All New Ron Oliver Show,14
Ugh,14
Wheel 2000,14
The Bears Who Saved Christmas (1994),14
Unicef: Righting Our Future,14
The Karate Kid (2010),14
The LEGO Ninjago Movie (2017),14
"It's the Great Pumpkin, Charlie Brown (1966)",14
Ghost In The Shell: Stand Alone Complex,13
2Point4Children,13
10 Things I Hate About You,13
Home Improvement,13
Take Park,13
Camp Cairbou,13
MTV Unplugged,13
Anne of Green Gables (2016),13
Cloudy With a Chance of Meatballs (2009),13
Captain Pipsqueak / Plane to Sea,13
R.L. Stine's The Haunting Hour,13
Life Unexpected,13
Kids Can Rock 'n' Roll,13
Are You Afriad of the Dark?,13
Cloudy with a Chance of Meatballs 2 (2013),13
Paddington (2014),13
Anne of Green Gables: The Good Stars (2017),13
The Berenstein Bears,13
Yu-Gi-Oh!: Waking the Dragons,13
Bad Boyes,13
The Smurfs 2 (2013),13
Vampire Dog (2012),13
Avatar,13
Abandon Twits / Wallhalla,13
Chip 'N' Orbit,13
The Force Returns (Part 1),13
El Tigre: The Adventures of Manny Rivera,13
Cache Craze,13
Mermaid Man and Barnacle Boy IV / Doing Time,13
Looney Tunes: Back in Action (2003),13
Adventures In Rainbow Country,13
Beyblade: Metal Fury,13
The Flintstones (1994),13
RollBots,13
Annie (2014),13
Shark Tale (2004),13
No Weenies Allowed / Squilliam Returns,13
Happy Ness: Secret of the Loch,13
Bruno & Boots: The Wizzle War (2017),13
Weird Ohs,13
Piñata Smashlings (Shorts),13
The Mighty Hercules,13
Biker Mice from Mars,13
The Charlie Brown & Snoopy Show,13
Pixies (2015),13
Al Oeming: Man of the North,13
Casper's Haunted Christmas (2000),13
Single-Celled Defense / Buff for Puff,13
Æon Flux,12
Secret World of Alex Mack,12
Santa's First Christmas (1992),12
In The South Seas,12
AGR In Class,12
"He's Your Dog, Charlie Brown (1968)",12
Simon & Witch,12
State of Grace,12
"Another Life, Another World",12
Bob In A Bottle,12
Trolls World Tour (2020),12
Roswell Conspriacies,12
The Borrowers (1997),12
Uh Oh,12
A Child Called Jesus (1988) (Part 2 of 2),12
Shazam!,12
Berenstain Bears,12
Huckleberry Hound,12
Antz (1998),12
I was a Sixth Grade Alien,12
The Elephant Show,12
Wild Thornberry's,12
Hotel Transylvania 3: Summer Vacation (2018),12
Spot Returns / The Check-Up,12
Mike the Knight,12
Man Ray Returns / Larry the Floor Manager,12
The Croods: A New Age (2020),12
Simon & The Witch,12
Ozzy (2016),12
TUFF Puppy,12
Bruno & Boots: This Can't Be Happening at Macdonald Hall (2017),12
Mary and the Witch's Flower (2017),12
Tom's Midnight Garden,12
Kid vs. Kat Shorts,12
Lazy Town,12
Open Heart,12
The Addams Family (1991),12
Bottle Snatchers,12
As Seen on TV / Can You Spare a Dime,12
A Cabin in the Kelp / The Hankering,12
Judge,12
Jackques Cousteau's Ocean Tales,12
Tutu Can Play That Game,12
Bruno & Boots: Go Jump in the Pool (2016),12
The Three Friends and Jerry,12
A Muppet Family Christmas (1987),12
Minyak Attack,12
Secret Files of the SpyDogs,12
SpongeBob's Big Birthday Blowout (Part 1),12
Freakazoid,12
The Tale of the Great Bunny (1998),12
Snow Day (2022),12
The Legend of Sarila (2013),12
Jake & The Kid,12
Jake and The Kid,12
Pet Squad,12
The Best of They Must Be Mad!,12
Spot,12
NFB Canada on Film,12
Roy Rogers,11
Brothers Garcia,11
The First Snow of Winter (1998),11
Sanitation Insanity / Bunny Hunt,11
Story Time,11
Mr. Peabody & Sherman (2014),11
Adventures Of The Little Mermaid,11
Home (2015),11
Aliens In The Family,11
The Cutaway (1991),11
True Grit (1969),11
Ronnie 'n the Browns,11
Just for Laughs Gags,11
ReBoot: The Guardian Code,11
Sonic the Hedgehog,11
New Adventures of Captain Planet,11
Bananas In Pajamas,11
Trolls: TrollsTopia,11
Take Time,11
The Karate Kid (1984),11
Teenage Mutant Ninja Turtles (2012),11
In Class AGR,11
Pokemon Chronicles,11
The Destructoe Brothers...On the Run,11
Family Lies,11
Archibald’s Next Big Thing is Here,11
Grizzly Falls (1999),11
No Time to Spy: A Loud House Movie (2024),11
Santa and the Tooth Fairies (1991),11
Ollie’s Pack,11
Turbo Jam (Paid Programming),11
LEGO City Adventures,11
Made: The Movie (2010),11
The Secret World Of Alex Mack,11
A Really Haunted Loud House (2023),11
Clifford the Big Red Dog (2021),11
The Adventures of Marco Polo (1938),11
Houseboat (1958),11
Just One Bite / The Bully,11
Smith & Smith's Comedy Mill,11
They Shall Have Music (1939),11
Tales of the Teenage Mutant Ninja Turtles,11
Plankton's Intern / Patrick's Tantrum,11
Adventures of Black Beauty,11
Owl TV,11
Addams Family: The Series,11
The Date,11
The New Leave It to Beaver,11
Croods Family Tree,11
The Littl' Bits,11
Yaa! To the M@X,11
Tough to be Young,11
Lassie: The Adventures of Neeka (1968),11
The SpongeBob SquarePants Movie (2004),11
Soccer Shortz,11
Breadwinners,11
Missing Identity / Plankton's Army,10
Potato Puff / There Will Be Grease!,10
Ferris Bueller's Day Off (1986),10
The Beverly Hillbillies (1993),10
Princess Gwenevere & the Jewel Riders,10
Heartbeat Away,10
The Getaway / Lost and Found,10
Matilda (1996),10
Litter Bug / Pranks A Lot,10
Alien Zoo,10
Escape from Scorpion Island,10
Born Again Krabs / Safety Freak,10
The Nutty Professor (1996),10
Power Rangers Super Samurai,10
Mooned! / Hysterical History,10
Alvin and the Chipmunks Meet Frankenstein (1999),10
UNICEF: Rights Of The Child,10
The Night Before Christmas (1994),10
G.I. Joe Sigma 6,10
Yu-Gi-Oh! ZEXAL,10
Invader ZIM,10
The Fairly Odd Parents,10
Adventures  of Tintin,10
Stuart Little 3: Call of the Wild (2005),10
MTV Oddities,10
Gundam SEED Destiny,10
Dr. Seuss' The Lorax (2012),10
Off Air,10
The Adventures of Paddington Bear,10
Shining Time Station Family Special,10
The Little Drummer Boy (1968),10
Will and Dewitt,10
Wedding of the Trentury,10
Dennis the Menace (1993),10
Hook (1991),10
"Olive, the Other Reindeer (1999)",10
Eek! the Cat,10
"You're in Love, Charlie Brown (1967)",10
.hack//Sign,10
Albert: The Little Tree With Big Dreams (2016),10
The Thundermans Return (2024),10
A Heartbeart Away,10
Charley & Mimmo,10
Galidor,10
Momageddon / Pet the Rock,10
Tapped Out,10
Rudolph the Red-Nosed Reindeer: The Movie (1998),10
Beethoven (1992),10
T.V. & Me,10
The Brothers García,10
Kids@Discovery,10
Little House on The Prairie,10
Nick & Noel (1993),10
The Scarlet Pimpernel (1935),10
Balloner Landing,10
"Japanizi: Going, Going, Gong!",10
Video Connection,10
Shane (1953),10
Dark Water,10
Confrontations With Nature,10
Simon and The Witch,10
The Generation Gap,10
"She-Ra, Princess Of Power",10
Oklahoma! (1955),10
Trouble With Tracy,10
Rocky And Bullwinkle,10
Captain Nemo / Tickle On The Tum / Time To Read,10
Willy And Floyd,10
Festival of Christmas Carols,10
"Yes, You Can",10
Double Daniel,10
Yogi Bear's All Star Comedy Christmas Caper (1982),9
Rejoice,9
Pokémon Diamond and Pearl,9
A Loud House Christmas (2021),9
"I Want a Dog for Christmas, Charlie Brown (2003)",9
The Pride of the Yankees (1942),9
Kids Can Rock & Roll,9
SideStreet,9
School of Rock,9
As Seen On TV / Can You Spare A Dime,9
Snowtime! (2015),9
Snailmypics,9
Pokémon Diamond and Pearl: Battle Dimension,9
Wallace & Gromit: The Wrong Trousers (1993),9
ReBoot: Daemon Rising (2001),9
Casper (1995),9
"It's the Easter Beagle, Charlie Brown (1974)",9
Undercover Grandpa (2017),9
The Flintstones in Viva Rock Vegas (2000),9
.hack/SIGN,9
A Christmas Carol,9
The Dirty Bubble Bass / Sheldon SquarePants,9
Mariah Carey's All I Want for Christmas Is You (2017),9
Dracula,9
Scooby-Doo! Moon Monster Madness (2015),9
Kids Of Degrassi Street,9
Dino Riders,9
"Life Is a Circus, Charlie Brown (1980)",9
Home And Away,9
Pokemon: Master Quest,9
Snow Children,9
Beyblade: Metal Masters,9
Anne of Windy Poplars (1940),9
Ray Goes Cray,9
Krampapalooza,9
The Angry Birds Movie 2 (2019),9
A Henry Among Us,9
Pie Bros,9
gAmerz,9
The Adventures of Dawdle The Donkey,9
"It's a Mystery, Charlie Brown (1974)",9
Mrs. Doubtfire (1993),9
Monsters by Mistake,9
Nighthood,9
Urban Vermin,9
"Someday You'll Find Her, Charlie Brown (1981)",9
Mimic Madness / House Worming,9
The Thousand Pranks War: Part I,9
Zoink'd!,9
Ella Enchanted (2004),9
"Japanizi Going, Going, Gong!",9
Adventures of Tintin,9
Al Oeming – Man of the North,9
Graceland,9
Tak and the Power of JuJu,9
Sitting Pretty (1948),9
Escape from Beneath Glove World,9
Pick A Puppy,9
Megamind (2010),9
Scary But True...,9
Bruno & Boots: Go Jump in the Pool (2017),9
Pokémon: DP: Battle Dimension,9
The Year Without a Santa Claus (1974),9
Dragons: Nine Realms,9
Jimmy Neutron: Boy Genius (2001),9
Tricked,9
The Little Match Girl (1987),9
The Grill is Gone / The Night Patty,9
Escape From Beneath Glove World,9
Wallace & Gromit,9
'Twas the Night Before Bumpy (1995),9
Archibald The Koala,9
Potato Puff / There Will be Grease!,9
Power Rangers Megaforce,9
The Little Foxes (1941),9
SquidBird / Allergy Attack,9
"There's No Time for Love, Charlie Brown (1973)",8
"Dude, Where's My Man Buggy?",8
Radical Tunes,8
Double Dare,8
Balto (1995),8
Beyblade: V-Force,8
Marco Polo,8
Little Boy Lost (1953),8
Kidnapped (1938),8
Dot & Spot's Magical Christmas Adventure (1996),8
Trollstopia,8
Power Problems (Part 1),8
Nancy Drew (2007),8
The Tin Star (1957),8
The Rugrats Movie (1998),8
100 Things to Do Before High School,8
Enchantment (1948),8
Barbie in the Nutcracker (2001),8
Zeke's Pad,8
Big Dynomite,8
"Why, Charlie Brown, Why? (1990)",8
G.I. Joe: Sigma 6,8
Class Action Heroes,8
"Hey, Where's Schwoz?",8
Anne of Green Gables: Fire & Dew (2017),8
The Dream Date (1992),8
Whose Line is it Anyway?,8
My Bodyguard (1980),8
Nightmare Room,8
New School Who Dis?,8
Coach of the Year (1980),8
Genie President,8
Richie Rich (1994),8
The Night of the Grizzly (1966),8
Hands Up! Hands On!,8
Villains' Night,8
House Worming / Mimic Madness,8
The Family Jewels (1965),8
A Child Called Jesus (1988) (Part 1 of 2),8
"Is This Goodbye, Charlie Brown? (1983)",8
Save Royal Woods!,8
Jellystone!,8
What a Girl Wants (2003),8
Sentimental Journey (1946),8
The Five Pennies (1959),8
Movie,8
Don't Go In There!,8
"You're a Good Sport, Charlie Brown (1975)",8
The Westerner (1940),8
Call Me Claus (2001),8
A Danger Among Us,8
The Hurricane (1937),8
"It's Magic, Charlie Brown (1981)",8
Garfield & Friends,8
The Thousand Pranks War: Part II,8
Return of the Kid,8
The Delicate Delinquent (1957),8
Fantastic Four,8
iTwins,8
The Middle,8
Madagascar: Escape 2 Africa (2008),8
The Karate Kid Part II (1986),8
Japanizi Going Going Gong!,8
Willy Wonka & the Chocolate Factory (1971),8
PL-1413 / In the Mood to Feud,8
Megamind vs. the Doom Syndicate (2024),8
Japanizi: Going Going Gong!,8
Time To Read - Tickle On The Tum,8
Redakai: Conquer the Kairu,8
White Shadow,8
The Land Before Time (1988),8
Scary... But True,8
Uncle Buck (1989),8
In Class Video,8
PAID PROGRAMMING,8
Roy Rogers Theater,8
A Cyborg Among Us,8
Kid Food Nation in Partnership with PC Children's Charity,8
Stella Dallas (1937),8
Go Fish (2019),8
Journey 2: The Mysterious Island (2012),8
Riding High (1950),8
Pinocchio: The Series,8
The Snowball Effect / One Krab's Trash,8
Rex The Runt,8
Aaahh!! Real Monsters,8
The Croods Family Tree,8
The Robot,8
Augie Doggie and Doggie Daddy,8
Test Friends,8
Kitty  Cats,8
Sam & Max: Freelance Police,8
Hello Down There (1969),8
Turning Sixteen,8
Captain Scarlett,8
Surprise Connection,8
The NeverEnding Story (1984),8
Let's Dance (1950),8
Yaa! To The M@x!,8
Gorilla,8
The Flower Plot / SpongeBob on Parade,8
Chocolate With Nuts / Mermaid Man and Barnacle Boy V,8
"What a Nightmare, Charlie Brown! (1978)",8
Alvin and the Chipmunks Meet the Wolfman (2000),8
Captain Man Strikes Out,8
Break Down,8
One of the Girls,8
Beyblade Metal Masters,8
"It Was a Short Summer, Charlie Brown (1969)",8
Under The Umbrella Friends,8
The Flintstones Meet Rockula and Frankenstone (1979),8
The Christmas Tree (1969),8
Poltergeist (1982),8
Mika's Musical,8
Bridge the Gap,8
Digimon: Digital Monsters,8
Uncle Hambone,8
LEGO DC Comics Super Heroes: The Flash (2018),8
The Spirit Is Willing (1967),8
A Cinderella Story (2004),8
It Started In Naples (1960),8
Gremlins (1984),8
The Nut Job (2014),8
Sabrina: Friends Forever (2002),8
A Song Is Born (1948),8
Sabrina Down Under (1999),8
Double Daniel (1989),8
Captain Nemo / Rupert Bear / Time To Read,8
Kyle XY,8
All Dogs Go To Heaven The Series,8
Chapa's Crush,8
Anne of Green Gables (1934),8
Kid Vs. Kat,8
Clueless (1995),8
La Larva de Amor,8
"Jimmy Neutron, Boy Genius",8
100 Things To Do Before High School,8
South Pacific (1958),8
Breaking Away (1979),8
"It's Arbor Day, Charlie Brown (1976)",8
The Little House on The Prairie,8
Yesterday's Child (1977),8
Blood Is Thicker Than Grease / Don't Make Me Laugh,8
The Iron Giant (1999),7
Looped,7
Secret Garden,7
Kid Food Nation in Partnership with PC Childen’s Charity,7
Yaa! To The Max,7
The Happy Elf (2005),7
A Garfield Christmas (1987),7
Radioactive Cat,7
Twin It to Win It,7
Swallows and Amazons (1974),7
The Twelve Days of Christmas (1993),7
Jr. Jays TV Magazine,7
The Cruel Giggling Ghoul,7
The Adventures of The Black Stallion,7
That's So Weird Shorts,7
Are We There Yet? (2005),7
Beethoven's 3rd (2000),7
Mutual of Omaha's Wild Kingdom,7
My Six Loves (1963),7
PJ's Canada Day Festival,7
Beyblade: Shogun Steel,7
Miles Sells His Soul,7
Keeping up Appearances,7
YTV In-Class Video,7
Another Cinderella Story (2008),7
The Princess Bride (1987),7
Chicken Run (2000),7
Ask Any Girl (1959),7
Lassie: The New Beginning (1978),7
Halloween vs. Christmas,7
Peter Rabbit and Friends,7
Zixx Level One,7
Woman of the Year (1942),7
A Bug's Strife / All the Rage,7
Spirit Untamed (2021),7
Halloween,7
The Four Feathers (1939),7
Mr. Blandings Builds His Dream House (1948),7
Hud (1963),7
In Class,7
Monster Squad!,7
Wallace & Gromit: A Grand Day Out (1989),7
Power Problems (Part 2),7
Chad Hanna (1940),7
Father of the Bride (1950),7
The Fight,7
Quantum Fun,7
The Supies,7
Tom Sawyer (1973),7
Deke Wilson's Mini Mysteries,7
SpongeBob in Randomland / SpongeBob's Bad Habit,7
Street Fightin',7
The Chocolate Soldier (1941),7
The Impossible Years (1968),7
Entrenched,7
The Cowboy and the Lady (1938),7
Wayne's World 2 (1993),7
Power Rangers: Megaforce,7
Hans Christian Andersen (1952),7
Young Detectives on Wheels (1986),7
Frogger,7
iMake Sam Girlier,7
SpongeBob Squarepants,7
Tough to Be Young,7
Direct Buy (Paid Programming),7
Guardians of the Ponytail,7
Me And Max,7
The Paper Chase (1973),7
Dolphin Tale (2011),7
Samurai Jet,7
Beat the System,7
Yu-Gi-Oh! 5D's,7
Drive Hard,7
Abandon Twits / Wahalla,7
Takes Two to Tango,7
BeyWarriors: BeyRaiderz,7
Puffballs,7
The New Adventures of Zorro,7
Mika in the Middle,7
The Ghost,7
Superman (1978),7
Flower Drum Song (1961),7
"It's Flashbeagle, Charlie Brown (1984)",7
Pepo the Pumpkinman,7
Pokemon: Diamond and Pearl,7
Krab Borg! / Rock-a-Bye Bivalve,7
Swords of Freedom (1992),7
Laundry Day,7
Legendary Sandwich,7
The Father Knows Best Reunion (1977),7
Casper & Friends,7
Bilsky's Billions,7
Ghost Boy,7
Monsuno,7
Guys and Dolls (1955),7
School of Rock: The Series,7
The SpongeBob Movie: Sponge on the Run (2020),7
SantApprentice,7
The Force Returns (Part 2),7
Back To Sherwood,7
Tales of the Teenage Mutant Ninja Turtles (2024),7
Pokémon: DP: Sinnoh League Victors,7
Flintstones,7
The Assistant,7
"Play It Again, Charlie Brown (1971)",7
My Babysitter's a Vampire,7
The Adventures of Kid Danger,7
Gremlins 2: The New Batch (1990),7
Seekers of the Sacred Jewel,7
"You're Not Elected, Charlie Brown (1972)",7
Jetsons: The Movie (1990),7
Little Big Kid,7
iWin a Date,7
Cow Pie Kid / Saved by the Spell,7
The Belles of St. Trinian's (1954),7
The Party Pest,7
What I LIke About You,7
Baking with Berry Boo,7
"No Dessert, Dad, till You Mow the Lawn (1994)",7
Little Orphan Annie's Very Animated Christmas (1995),7
OWL  / TV,7
The Picnic,7
The Drum (1938),7
Uptown Girls (2003),7
Super Friends,7
Bob In a Bottle,7
True Jackson VP,7
Muppets,7
Just Duet,7
Lost Soles Of Jungle River!,7
Casper the Friendly Ghost,7
Chapa's Phone Home,7
Papa's Delicate Condition (1963),7
Wild Horse Hank (1979),7
Audubon Theatre,7
Diary of a Wimpy Kid: Rodrick Rules (2011),7
An All Dogs Christmas Carol (1998),7
The Harvey Girls (1946),7
Gillty as Charged,7
Artifacts,7
The Tradition of the Christmas Log (2004),7
Musical Short - Halloween,7
Liar Liar (1997),7
Dennis the Menace Strikes Again (1998),7
Ronnie n The Browns,7
Call the Cops / Surf N' Turf,7
Tutti Bel's Gloomy Day,7
Battle B-Daman: Fire Spirits,7
Lone Ranger,7
Earth to Bose,7
Festival Of Christmas Carols,7
Tak and the Power of Juju,6
Moby Dick (1956),6
The Country Boy,6
Puppy Love,6
For Those Who Think Young (1964),6
Flint Land / Your Dad is My Dad,6
7 Little Monsters,6
Gentlemen Marry Brunettes (1955),6
"Dine and Bash / Sofa, So Good",6
Rugrats in Paris: The Movie (2000),6
Dora and the Search for Sol Dorado (2025),6
Paul Daniel's Magic Hour,6
Third Man,6
It Takes Two (1995),6
South Seas Voyage,6
Quaran-kini,6
Maniac Masion,6
Little Women (1949),6
(OFF THE AIR),6
I'll Take Sweden (1965),6
Ronnie n' The Browns,6
Super Dave’s All-Stars,6
Whirlybrains / MermaidPants,6
Garfield: The Movie (2004),6
Anything You Can Do,6
Down Goes Santa: Part II,6
Kangaroo Jack (2003),6
Sixteen Candles (1984),6
Big Sister / Little Brother,6
Lucky (2019),6
Five Children and It,6
Maggie and the Ferocious Beast,6
On Thin Ice / Room and Hoard,6
Kid Colter (1985),6
Rock n' Talk Special Edition,6
The People vs. Fred Jones,6
The Toad Who Would Be Prince,6
Trouble with Tracy,6
Santa Mouse and the Ratdeer (2000),6
All Access Special,6
Black Beauty (1971),6
Wish Upon a Star (1996),6
Jimmy Neutron: Boy Genius,6
St. Bear's Hospital,6
Steven Universe: The Movie (2019),6
Mulligan's Stew (1977),6
Young Charlie Chaplin (1989),6
Throw Out the Anchor (1975),6
Fanboy and Chum Chum,6
My Philosophy,6
Fantastic Mr. Fox (2009),6
Robinson Crusoe on Mars (1964),6
The Land Before Time IV: Journey Through the Mists (1996),6
The Lost Boys (1987),6
A Flintstone Family Christmas (1993),6
The Thing,6
Follow That Sleigh (1990),6
The Elfkins First Christmas (2002),6
Hip Hop Abs (Paid Programming),6
Blood is Thicker Than Grease / Don't Make Me Laugh,6
Homer's Workshop,6
Big Wolf In Campus,6
Digimon Adventure 02,6
A Christmas Carol (1938),6
The Point (1971),6
The Magic Schoolbus,6
LEGO DC Super Hero Girls: Brain Drain (2017),6
The Grinch (2018),6
Golden Treasure (1982),6
The Last Wagon (1956),6
Aliens in the Family,6
Maurice Sendak's Little Bear,6
Ghost With the Most,6
Club Spongebob / My Pretty Sea Horse,6
Centennial Summer (1946),6
Scary Figure Dance,6
Dilgar and Tam,6
4 Clowns (1970),6
Keeping Up Appearences,6
Cheese & Fermentation!,6
Roald Dahl Stories,6
Courage of Black Beauty (1957),6
Foraging,6
Can't Hardly Wait / A Mutt Above,6
LEGO DC Batman: Family Matters (2019),6
Three Delivery,6
Alex,6
The Land Before Time II: The Great Valley Adventure (1994),6
"Scooby-Doo! and Krypto, Too! (2023)",6
Let's Go to the Movies,6
Green Houses,6
Jack the Clipper,6
Funpak Shorts,6
The Hurt Lockers / Love Stinks,6
Attack of the Clones,6
An American Tail (1986),6
The Girl Next Door (1953),6
Rudolph the Red-Nosed Reindeer & the Island of Misfit Toys (2001),6
Yu-Gi-Oh! Enter the Shadow Realm,6
The Boss Baby: Family Business (2021),6
Day of the Dad / Small Blunder,6
YTV Inclass Video,6
Garfield's Halloween Adventure (1985),6
YTV In Class Video,6
Bundles of Joy,6
End Prog,6
He-Man & She-Ra: A Christmas Special (1985),6
The Puppy Pact,6
Red Green,6
The Addams Family,6
The Land Before Time X: The Great Longneck Migration (2003),6
Silence of the Luans / Undercover Mom,6
Cloudy With a Chance of Meatballs: The Series,6
New Beginnings,6
"Happy New Year, Charlie Brown! (1986)",6
Speed Racers,6
Fighting Father Dunne (1948),6
Order Up,6
The Undercover Gang (1988),6
Take the Leap,6
The Next Karate Kid (1994),6
Present Danger / Stressed for the Part,6
P.J.'s Unfunnybunny Christmas (1993),6
Fishing,6
House of Frightenstein,6
Mom's the Word,6
Cloudy With A Chance Of Meatballs,6
Pokemon: Advanced Challenge,6
Club SpongeBob / My Pretty Sea Horse,6
Outward Bound,6
Country Mouse & City Mouse,6
Runaway McBride / High Crimes,6
Dr. Seuss' The Cat in the Hat (2003),6
Cloudy With a Chance of Meatballs 2 (2013),6
I Remember Mama (1948),6
"Liar, Liar, Vampire (2015)",6
You Asked For It,6
Can-Can We Do This?,6
Snoopy's Reunion (1991),6
Edward Scissorhands (1990),6
Christmas with the Kranks (2004),6
"It's Your First Kiss, Charlie Brown (1977)",6
Donovan's Reef (1963),6
Home Alone 2: Lost in New York (1992),6
Young Charlie Chaplin,6
The Dark Angel (1935),6
Bixler High Private Eye (2019),6
An Imposter Among Us,6
Snow Day (2000),6
ReBoot: My Two Bobs (2001),6
Squidbird / Allergy Attack,6
Meet the Characters,6
The Tale of the Carved Stone,6
"Peru, The Hidden Empire",6
Off-Air,6
The Girl Who Cried Danger,6
Silk Stockings (1957),6
Ride,6
Wallace & Gromit: A Close Shave (1995),6
Captain Nemo / Rupert Bear,6
Rise of the Teenage Mutant Ninja Turtles,6
The Snoomies,6
Skunk Fu,6
Second Star to the Left (2001),6
The Student Prince (1954),6
Passport to Paris (1999),6
School of Shock / Electshunned,6
Who R Zoo? / The Kwarantined Krab,6
Audubon,6
Monsty,6
Paid Programming: Rocker Abs,6
Wendell & Vinnie,6
Charlotte's Web 2: Wilbur's Great Adventure (2003),6
Write and Wrong / Purrfect Gig,6
Miles Has Visions,6
Kiss Me Kate (1953),6
Vidja Games,6
Jake & the Kid,6
Cute and Compact,6
Whirly Brains / Mermaid Pants,6
How Things Work,6
Beethoven's 2nd (1993),6
Nanny McPhee Returns (2010),6
Charlie Brown's All Stars! (1966),6
The Bishop's Wife (1948),6
The Ron Oliver Show,6
The Algae's Always Greener / SpongeGuard On Duty,6
Snuggles,6
Goo Goo Gas / Le Big Switch,6
Grub Snub / She's All Bat,6
The Algae's Always Greener / SpongeGuard on Duty,6
Say My Name,6
Popeye's Voyage: The Quest for Pappy (2004),6
David Copperfield (1935),6
The Sports Illustrated for Kids Show,6
The Treasure,6
Captains Courageous (1937),6
The Band Wagon (1953),6
The Secret of NIMH (1982),6
Mermaidpants / Whirlybrains,6
Side Hustle,6
SwellMelonFest,6
Brain Percentages,6
Fries with That,6
Beyblade: Metal Fusion,6
Daring & Grace,6
The Wish That Changed Christmas (1991),6
Pokémon: The Johto League Champions,6
Tango Tangle / Necro-Nom-Nom-Nom-I-Con,6
Camped!,6
Under the Small Top / Squidward's Sick Daze,6
Mother and Daughter: The Loving War (1980),6
Seems Like Old Times (1980),6
The Philadelphia Story (1940),6
The Proud Rebel (1958),6
"She's a Good Skate, Charlie Brown (1980)",5
The Sweetest Thing,5
Krab Borg / Rock-A-Bye Bivalve,5
Batman Forever (1995),5
The Laziest / The Ghost,5
Scary Godmother: Halloween Spooktacular (2003),5
Dark Angel (1935),5
Care Bears: Journey to Joke-a-Lot (2004),5
The Tin Soldier (1992),5
Another Suitcase in Another Hall,5
The Divorce of Lady X (1938),5
A Very Brady Sequel (1996),5
The Thrill of It All (1963),5
BBC Playhouse,5
Wedding Night (1935),5
Raven Mad Daze (1993),5
Power Rangers Samurai,5
Sci-Fi Adventure,5
Garfield: A Tail of Two Kitties (2006),5
Witches Brew,5
Just for Laugh Gags,5
Scooby-Doo! & Batman: The Brave and the Bold (2018),5
Wonerstruck,5
"You're the Greatest, Charlie Brown (1979)",5
The Life & Adventures of Santa Claus (2000),5
Transformers,5
Comdey Mill,5
The Wayfarers (1963),5
Legends of the Hidden Temple (2016),5
RobotBoy,5
Bella & the Bulldogs,5
The Secret,5
YTV Hit List,5
Paid Programming: Vibes Body,5
School Ties (1992),5
The Brady Bunch Movie (1995),5
Guatemala Journal (1991),5
Starbird and Sweet William (1978),5
Wildlife On One,5
All That,5
Mary Jane Harper Cried Last Night (1977),5
Camp Caribou,5
Lamb Chop's Special Chanukah (1995),5
Save the Last Pants / A Stella Performance,5
The Magic of Lassie (1978),5
A Tree Grows in Brooklyn (1945),5
The Adventure of Shirley Holmes,5
Robin Hood: Quest for the Crown (1958),5
Robin Hood's Greatest Adventures (1958),5
Snooper and Blabber,5
The Greatest Show On Earth (1952),5
Princess Gwenevere & The Jewel Riders,5
Ever After: A Cinderella Story (1998),5
Rudolph and Frosty's Christmas in July (1979),5
Flip This Flip / Haunted House Call,5
How the West Was Fun (1994),5
Missing Identity / Planktons Army,5
Superman II (1980),5
Some Like It Hot (1959),5
The Jetsons & WWE: Robo-WrestleMania! (2017),5
Sheep,5
Owl/TV,5
All Mine To Give (1957),5
Tower Power,5
Ray Forgives,5
Big (1988),5
Illegally Yours (1988),5
Dudley the Dragon,5
Dragon Ball Z: The World's Strongest (1990),5
Microsoft's .Net Show,5
Rock 'n Talk: Special Edition,5
The Kiss,5
Billie (1965),5
The GI,5
Hi Hi Puffy Amiyumi,5
The Singing Nun (1966),5
Toklat (1972),5
Nim's Island (2008),5
The Oracle,5
Rio (2011),5
The Sandpiper (1965),5
Heavy Metal Makeover,5
Girlstuff / Boystuff,5
Racing Stripes (2005),5
Haunted Tank,5
Setting the Barre,5
A Dog's Journey (2019),5
Costume Contest,5
Ready or Not?,5
My Foolish Heart (1950),5
Tears of a Class Clown,5
R.L. Stine's The Haunting Hour: The Series,5
Just Add Water,5
Bugsy Malone (1976),5
The Dog Show,5
Addams Family Reunion (1998),5
"Lights, Camera, Nuclear Reaction / Food Courting",5
The Watch House,5
Hey Arnold!!,5
The Powerpuff Girls Movie (2002),5
Dolittle (2020),5
Teamwork Makes the Scene Work,5
Fright Bite / The Loudly Bones,5
The Painting,5
Iron Sheriff (1957),5
Super Mario Bros. Super Show!,5
Billboard Dad (1998),5
The Kid Who Loved Christmas (1990),5
Little Miss Millions (1993),5
Fat Albert (2004),5
Treasure Island (1990),5
YTV Hits '89,5
iHeart Art,5
"Tetsusaiga, the Phantom Sword",5
The Dark Crystal (1982),5
Batman Returns (1992),5
YTV in Class: The Video,5
The Safety,5
Spy Kids (2001),5
SpongeBob Meets the Strangler / Pranks a Lot,5
Sound of Silence / Space Invader,5
All Dogs Go to Heaven 2 (1996),5
Tremors (1990),5
Classic Titans,5
T.U.F.F Puppy,5
Ones and Zeroes,5
"Double, Double Toil and Trouble (1993)",5
The Game,5
The Dove (1974),5
"Goodbye, Mr. Chips (1939)",5
Baby's Day Out (1994),5
No Bus No Fuss / Resident Upheaval,5
Her Twelve Men (1954),5
Country Boys,5
Three Ring Circus (1954),5
The Yellow Rolls-Royce (1964),5
Hunter Street,5
Friends in Junior High Places,5
Jinxed,5
The Nutty Professor (1963),5
"A Fairly Odd Movie: Grow Up, Timmy Turner! (2011)",5
Chalk Zone,5
The Spoiler,5
The Strife of the Party / Kernel of Truth,5
Dead End (1937),5
Tell a Tale Town,5
Spider-Man (1967),5
Showdown,5
Willy Wonka and the Chocolate Factory (1971),5
Surf's Up (2007),5
Haunted Hathaways,5
Alvin & the Chipmunks,5
The Foz Who Saved Lotus Night,5
The Poddington Peas,5
Zach Attack / Flying Solo,5
Jolly Lodgers / Biddy Sitting,5
Plankton's Intern / Patrick’s Tantrum,5
MOVIE,5
The League of Super Evil,5
Orangins,5
Underwater Pressure,5
Destructoe Brothers On The Run,5
The Little Crooked Christmas Tree (1990),5
The Lost Kingdoms,5
Augie Doggie,5
The Danger Force Awakens,5
The One,5
A Grave Mistake / Leader of the Rack,5
The Ghouls,5
iWant a World Record,5
The Wild Side,5
Sabrina Goes to Rome (1998),5
You Rule March Break,5
Keeping Up With Appearances,5
When Urkel-Bots Go Bad!,5
Mime Games,5
Romeo and Juliet (1936),5
Best of They Must Be Mad,5
The V.I.P.s (1963),5
Waldo Kitty,5
The Fat Albert Christmas Special (1977),5
Water Ready,5
A Charlie Brown Valentine (2002),5
Ron Oliver Show,5
iSpace Out,5
Muppets from Space (1999),5
Kung Fu Panda 2 (2011),5
Canada Day Festivities - CFNY Canada Day Festival,5
Beethoven's 4th (2001),5
Ghost Mortem,5
Cubix: Robots for Everyone,5
The Dreamer of Oz: The L. Frank Baum Story (1990),5
On Our Own,5
Wonder Why,5
Dragons: The Nine Realms,5
Under the Umbrealla Tree,5
Rumor Has It / Training Day,5
Kismet (1955),5
My Girl 2 (1994),5
The Red Shoes,5
The New Batman Adventures,5
Les Girls (1957),5
Journey to Spirit Island (1988),5
The Magic Snowman (1987),5
Cooking Up Trouble,5
Mad Jack The Pirate,5
Jingle Bell Rock (1995),5
How'd it Turnout?,5
Animaniacs (2020),5
Adventures in Babysitting (1987),5
[Note 1],5
"Ele, My Friend (1992)",5
Ronie n The Browns,5
Yu-Gi-Oh! Duel Monsters,5
Rugrats Go Wild (2003),5
"True Jackson, VP",5
Dr. Who and the Daleks (1965),5
The Man Called Flintstone (1966),5
Mapletown,5
H2O: Just Add Water,5
The Secret Box / Band Geeks,5
Special Delivery,5
Yu-Gi-Oh ZEXAL,5
Mean Girls (2004),5
The Skateboard Kid (1993),5
Getting There (2002),5
The Bishop's Wife (1947),5
Archibald's Next Big Thing is Here,5
Breezly and Sneezly,5
SpongeBob Meets the Strangler / Pranks A Lot,5
Dofasco Festival of Christmas Carols,5
The Care Bears,5
The Mousehole Cat (1994),5
Pokémon Black & White: Rival Destinies,5
Barbie as Rapunzel (2002),5
Baby Geniuses (1999),5
Everyday Heroes,5
How to Succeed in Business Without Really Trying (1967),5
The Jungle Book (1942),5
Trojan Force,5
Blurt (2018),5
Shrek Forever After (2010),5
Just For You (1952),5
Karaoke Star Jr.,5
Time Trap!,5
Edgar and Ellen,5
Charlie Brown's All-Stars (1966),5
Father Knows Best: Home for Christmas (1977),5
If The World Were A Village (2005),5
Undercover Grandpa (2016),5
iWant My Website Back,5
A Dark and Story Night / Sand Hassles,5
Here Comes Peter Cottontail (1971),5
Keeping Up Appearance,5
Legend of Cougar Canyon (1974),5
The Last Dragon,5
Bugs Bunny's Easter Special (1977),5
Beebo Saves Christmas (2021),5
Tell A Tale,5
The Land Before Time III: The Time of the Great Giving (1995),5
Split the Difference,5
iWant More Viewers,5
Magic Gift of the Snowman (1995),5
Story of the Christmas Toys as told by Mel Torme (1990),5
Twins (1988),5
The Limit,5
Hackers (1995),5
Storks (2016),5
Bachelor Mother (1939),5
Diary of a Wimpy Kid (2010),5
Poco vs Rainbow,5
The Great Outdoors (1988),5
S.W.A.G Is Haunted,5
Of Human Hearts (1938),5
iSam's Mom,4
The Christmas Stocking Tale (2003),4
The Tender Warrior (1971),4
Movie Night,4
Professor Popper's Problems (1988),4
Double Date,4
Hollywood's 10 Best,4
The Land Before Time,4
Deep Cuts / Game Off,4
Evan Almighty (2007),4
iRocked the Vote,4
Batman Beyond: Return of the Joker (2000),4
Stall Monitor / A Pimple Plan,4
Digimon: The Movie (2000),4
Teahouse of the August Moon (1956),4
Hollywood or Bust (1956),4
In Concert With Avril Lavigne,4
Wednesday's Child (1971),4
Pokémon: The First Movie (1998),4
Dr Who,4
Johnny Tiger (1966),4
Frankenstein,4
Life With Father (1947),4
Zathura: A Space Adventure (2005),4
Dumber Force,4
Washed Up / Recipe for Disaster,4
Bose's Birthday Party,4
Nicky Deuce (2013),4
The Nutcracker,4
Heidi (2005),4
Manlee Men,4
Bonehead Detectives Of The Paleoworld,4
For Me and My Gal (1942),4
So Little TIme,4
Pokemon: Advanced Battle,4
Hollywood Knights!,4
Hong Kong (1951),4
Go Fish! (2019),4
iMeet Fred,4
iKiss,4
Rock-A-Bye Baby (1958),4
Anne of Green Gables: Fire and Dew (2017),4
Well of Love (1970),4
Charlotte's Web (2006),4
The Big Bad Bubble Bass / Sea-Man Sponge Haters Club,4
Tomorrow,4
Young Dylan,4
The Zach Files,4
Sanctuary! / What's Eating Patrick?,4
Beast Machines: Battle for the Spark,4
Blinded by Science / Band Together,4
Teen Titans Vroom: Part 2,4
The Magic Car,4
Strife of the Party / Kernel of Truth,4
Friday Night Lights,4
All the Way Home (1963),4
Barbie's Dreamhouse Adventures,4
The Chipmunk Adventure (1987),4
Never Had a Friend Like Me,4
Final Score,4
Middlemost Post,4
What'd I Miss?,4
You Can't Stop the Beat,4
Little House on the Pririe,4
Dragon Ball Z: Dead Zone (1989),4
Rugrats Pre-School Daze,4
The Great Caruso (1951),4
G.I. Joe,4
Dragon Ball Z: The Tree of Might (1990),4
Snowball Effect / One Krabs Trash,4
Flaxton Boys,4
We Gonna Party Like It's Your Earth Day,4
Sabrina the Teenage Witch (1996),4
Little Crooked Christmas Tree (1990),4
Momageddon / Pet The Rock,4
Princess Mononoke (1997),4
Secondhand Lions (2003),4
A Child Called Jesus,4
Don't Escar-go / Double Trouble,4
70's Explosion (Paid Programming),4
Nutcracker: The Motion Picture (1986),4
Atomic City (1952),4
Lust for Life (1956),4
Journey to the Past,4
History Has Its Eyes on You,4
Wormy / Patty Hype,4
Morphine and Dolly Mixtures (1991),4
Unfiltered,4
Radio Rebel (2012),4
The Flower,4
Pokémon: DP Galactic Battles,4
Scream 3 (2000),4
The Grogs' First Santa Claus Parade (1992),4
The Name,4
iLike Jake,4
Alvin & The Chipminks,4
Spongebob's House Party,4
Episode 3,4
Raffles (1940),4
Big Teeth Bad Breath,4
A Family Circus Christmas (1979),4
The Amazing Adrenlini Brothers,4
Mary and The Witch's Flower (2017),4
The Nut Job 2: Nutty by Nature (2017),4
The Athenian Candidate,4
Up In Arms (1944),4
"Miss Kline, We Love You (1974)",4
A Walk to Remember (2002),4
The Care Bears' Big Wish Movie (2005),4
Tail of a Tiger (1984),4
The Substitute,4
At the Funny Farm,4
Crystal Clear,4
Pablo the Red Fox,4
How to Rock,4
How the Best Was Won / Animal House,4
Homecoming,4
No Hat for Pat / Toy Store of Doom,4
Fam Scam / Farm to Unstable,4
Dreamer (1979),4
Appetite for Destruction / Frame on You,4
The Trouble with Tracy,4
Microsoft's .net Show (Paid Programming),4
The Ren & Stimpy Show,4
Aromatics,4
Fats,4
LEGO CITY Adventures,4
Dragonheart: A New Beginning (2000),4
Gamers,4
Ruby Gloom Skits,4
Perfect for You,4
Ali and the Talking Camel (1989),4
Project Z (1987),4
The Window (1949),4
The Slender Thread (1966),4
Adventures of Rusty (1945),4
The Quest (1985),4
Dino Egg,4
The Disappearance (1960),4
Another World - Another Life,4
The Yellow Bus Ride (1992),4
Scudda Hoo! Scudda Hay! (1948),4
Kart Racer (2003),4
Island of Adventure (1981),4
Unmasked (Part 2),4
Rock n Talk,4
Pixie and Dixie and Mr. Jinks,4
iGive Away a Car,4
Notes on a Vandal,4
17 Again (2009),4
The Geisha Boy (1958),4
Wonder Man (1945),4
Call the Cops! / Surf N' Turf,4
Wendell and Vinnie,4
iWon't Cancel the Show,4
Inner Beauty of a Cactus,4
The NeverEnding Story II: The Next Chapter (1990),4
A Date With Judy (1948),4
New Fred & Barney,4
Grand Hotel (1932),4
CJ's Party,4
When in Rome (2002),4
Forever Home,4
Charlie Brown And Snoopy Show,4
Tiny Dogs,4
The Murder Man (1935),4
Bummer Camp / Sleepstakes,4
Doggin Around,4
Booty Scooty,4
Computer Mayhem,4
The Night Before Christmas,4
The Art of Ninjutsu,4
History Lesson,4
Little Rascals,4
"It's Christmastime Again, Charlie Brown! (1992)",4
Rad Dudes With Bad Tudes,4
Fear of a Krabby Patty / Shell of a Man,4
"Two Hearts, One Mind",4
Problem Child (1990),4
Aquamarine (2006),4
Beethoven's 5th (2003),4
The Land Before Time IX: Journey to Big Water (2002),4
YTV Now,4
Labor Day,4
Oliver Twist (1933),4
Chapter Four: The Night Begins to Shine,4
The Slender Thread (1965),4
Chapter One: I Saw You Dance,4
Hot Salad Water,4
Action Jackson,4
Enchanted Tales: Anastasia (1996),4
"Happy New Year, Charlie Brown (1986)",4
Hand Zombie,4
David's Story,4
E.B. White's Charlotte's Web,4
The Avogodo,4
North by Northwest (1959),4
Easter Creeps,4
Cheaper by the Dozen 2 (2005),4
Diss the Cook / For Sale by Loner,4
The Happy Years (1950),4
Maid Marion,4
Dream Come True,4
My Girl (1991),4
On Guard,4
Permanent Record,4
1:30am,4
1:45am,4
2:00am,4
Hand's Up Hands On,4
4:00am,4
4:30am,4
5:00am,4
5:30am,4
6:00am,4
6:30am,4
7:00am,4
7:15am,4
7:30am,4
7:45am,4
The Blackboard Jungle (1955),4
8:00am,4
8:15am,4
The Little House on the Prairie,4
8:30am,4
All Dogs Go To Heave: The Series,4
8:45am,4
Bizzare,4
9:00am,4
"It's The Great Pumpkin, Charlie Brown (1966)",4
"Hands Up, Hands On",4
"Knock Knock, Who’s There? / Pat Hearts Squid",4
The Last Mimzy (2007),4
The Scooby of a Thousand Faces!,4
SpongeBob's Big Birthday Blowout (Part 2),4
Space Jammed / Crown and Dirty,4
iStage an Intervention,4
The Nasty Patty / The Idiot Box,4
Renn Scare / Into the Mouth of Madcap,4
The Loud Cloud / You Auto Know Better,4
Very Active,4
The Pied Piper of Hamelin (1957),4
Puppy Day Afternoon,4
Crime Wave / Odd Ball,4
Best Show,4
Paddington Bear,4
12:00am,4
12:15am,4
iDream of Dance,4
The Town Santa Forgot (1993),4
12:30am,4
Freakazoid!,4
Richie Rich's Christmas Wish (1998),4
All I Want for Christmas (1991),4
Shining Time Station: 'Tis a Gift (1990),4
12:45am,4
1:00am,4
1:15am,4
Decade of the Family,4
The Night of the Iguana (1964),4
The Tale of Apartment 214,4
The Debt,4
The Pumpkin Whisperers / Zhuper Zhide Kicks,4
Hercules,4
The Poltergeist,4
Charlie Brown & Snoopy Show,4
The Tale of the Phone Police,4
YTV’s Hit List,4
Stuart Little: The Animated Series,4
The Tale of the Chameleons,4
GirlStuff / BoyStuff,4
The Tale of Station 109.1,4
Eerie Indiana,4
Hemingway's Adventures of a Young Man (1962),4
Pokémon Advanced Challenge,4
Romeo,4
Charlie Brown & Snoopy,4
Lean on Me (1989),4
Rockin' Through The 80s,4
The Chalk Garden (1964),4
The Ghost Goes West (1936),4
Charade (1963),4
iHave a Lovesick Teacher,4
Over The Hedge (2006),4
Starliar,4
Gilda (1946),4
TV and Me,4
Show Boat (1951),4
Epic Fall,4
Seven Brides for Seven Brothers (1954),4
Super Robin,4
You're Fired,4
Survival of the Idiots / Dumped,4
Yes Prime Minister,4
The Refund,4
Meatball Party,4
Yentl (1983),4
Krab-Borg / Rock-a-Bye Bivalve,4
Staff Meeting,4
The Story Lady (1991),4
"Bon Voyage, Charlie Brown (and Don't Come Back!!) (1980)",4
The Prank,4
"Dance, Magic, Dance!",4
Dog Hand,4
Driver's Ed,4
Chuck's Choices,4
Princess Gwenevere& The Jewel Riders,4
Sister Act / House Flip,4
MermaidPants / Whirlybrains,4
The Pressure,4
Road Trip: Bringing Down the House / Road Trip: Mountain Hard Pass,4
The Bachelor and the Bobby-Soxer (1947),4
The Charlie Brown And Snoopy Show,4
Boy Toy / Inspection Detection,4
Road Trip: Screen Queen / Road Trip: Hide and Sneak,4
Beyblade: Battle Masters,4
Have Yourself a Sardiney Little Christmas,4
iMove Out,4
Store Wars with the Casagrandes / Lucha Fever with the Casagrandes,4
Jibber Jabber,4
CFNY Canada Day Festival 1990,4
Nacho Libre (2006),4
The Promise,4
"What's Opera, Titans?",4
Forest Pirates,4
"Hey, Vern, It's Ernest!",4
The Lesson,4
Send Me No Flowers (1964),4
iCook,4
Benny & Joon (1993),4
iMust Have Locker 239,4
The Baby-Sitters Club (1995),4
The Stone Boy (1984),4
Heartfelt Rescue,4
"True Jackson, V.P.",4
Drawing the Line,4
Roadie to Nowhere / A Fridge Too Far,4
The Bad News Bears in Breaking Training (1977),4
The Bad News Bears (1976),4
The Tale of the Lonely Ghost,4
Spongebob's Big Birthday Blowout (Part 2),4
Pokémon Battle Frontier,4
Lost and Found,4
Yes. Prime Minister,4
Captain Marvel,4
Are You Afraid of The Dark?,4
Bump In the Night,4
Lil' Dynomite,4
"Hurl, Interrupted / Diamonds Are for Never",4
Bells of San Angelo (1947),4
Lori Days / In the Mick of Time,4
The Tale of the Midnight Madness,4
Lucas (1986),4
Tukiki and His Search for a Merry Christmas (1979),4
Sing,4
Punk Makeover,4
Poison Ivy (1985),4
Weekend Specials,4
The Gripes,4
Gremlins: Secrets of the Mogwai,4
Pokémon the Series: Diamond and Pearl,4
Chocolate With Nuts / Superfriends,4
3:00pm,4
3:30pm,4
Ani-Mayhem: The Zone Special,4
4:00pm,4
4:15pm,4
4:30pm,4
4:45pm,4
5:00pm,4
Roller Boogie (1979),4
5:15pm,4
The Barefoot Contessa (1954),4
5:30pm,4
5:45pm,4
6:00pm,4
The Golden Seal (1983),4
It's A Pleasure (1945),4
6:30pm,4
7:00pm,4
Sugar & Avril: A Zone Special,4
9:00pm,4
Corn,4
SpongeBob B.C. (Before Comedy),4
Casper Meets Wendy (1998),4
Surf's Up! Lets Cook,4
How To Murder Your Wife (1965),4
Kikyo's Stolen Ashes,4
The Life and Times of Grizzly Adams (1974),4
Mermaid You Look / Mrs. Tinklebottom,4
12:00pm,4
Driver's Ed / Dog Hand,4
12:30pm,4
1:00pm,4
Fallen Angel (1945),4
Elephant Boy (1937),4
The Glacier Fox (1979),4
Party Pooper Pants,4
Mighty Joe Young (1949),4
Brats of the List Nebula,4
1:30pm,4
Voyage of the Unicorn (2001),4
Hotel Transylvania 3 (2018),4
2:00pm,4
The Powerpuff Girls!,4
2:30pm,4
The Boy With Green Hair (1948),4
Journey to the Center of the Earth (2008),4
It's a SpongeBob Christmas!,4
Gundam Seed Destiny,4
Daring and Grace: Teen Detectives,4
Somewhere Tomorrow (1983),4
The Flower Pot / SpongeBob on Parade,4
Dinosaurus! (1960),4
Dennis the Menace: Cruise Control (2002),4
Detentionaire,4
The Tale of the Dream Machine,4
The New Addam's Family,4
Keeping Up Apperances,4
On The Right Track (1981),4
Tiny Toons Adventures,4
My Wife and Kids,4
The Pigeon That Took Rome (1962),4
Real World,4
Batman (1989),4
Batman & Mr. Freeze: SubZero (1998),4
Tooth Fairy (2010),4
Cat-astrophe / Prize Fighter,4
The Big Sickie,4
Raise Your Voice (2004),4
Crashed Course / Puns and Buns,4
Yaa to the Max,4
For Heaven's Sake (1979),4
Justice League's Next Top Talent Idol Star: Pt. 1,4
Pokemon: Battle Frontier,4
iPie,4
Legion of Superheroes,4
In Search of Santa Claus,4
Pokémon Diamond and Pearl: Galactic Battles,4
The Last Unicorn (1982),4
The Witches (1990),4
Sorry I've Got No Head,4
"Yes, Virginia, There Is a Santa Claus (1974)",4
Unknown Wilderness (1973),4
MAR,4
Transformers: Cyberverse,4
Pokémon: DP: Galactic Battles,4
Cinderella (1965),4
Escape from Planet Earth (2013),4
Act of Love (1953),4
Emmet Otter's Jug-Band Christmas (1977),4
The Pressure / The Painting,4
We're Back! A Dinosaur's Story (1993),4
Schooled! (Part 2),4
An American Tail: Fievel Goes West (1991),4
11:30am,4
SpongeBob SquarePants     ,4
Barbie of Swan Lake (2003),4
11:00am,4
Regal Academy,4
10:30am,4
iWanna Stay with Spencer,4
Tom and Jerry in Snowman's Land (2022),4
Whirly Brains / MermaidPants,4
10:00am,4
My Life As A Teenage Robot,4
9:30am,4
Hornets' Nest (1970),4
Hour of the Gun (1967),4
The River Kings (1991) (Part 1 of 2),4
Megamind vs. The Doom Syndicate (2024),3
Cats And Dogs: Revenge Of Kitty Galore 3D (2010),3
Duet,3
Hop (2011),3
2030CE,3
Inspector Gadget's Last Case: Claw's Revenge (2002),3
Switched! / Free Range Chickens,3
The Little Shepherd of Kingdom Come (1961),3
Dr. Seuss' The Grinch (2018),3
Bruno & Boots: This Can’t Be Happening at Macdonald Hall (2017),3
Horton Hears a Who! (1970),3
On the Sunny Side (1942),3
Flight of the Cougar (1967),3
Take Care of My Little Girl (1951),3
The Portrait,3
Escape From Planet Earth (2013),3
A Communiquer,3
LEGO Scooby-Doo! Blowout Beach Bash (2017),3
The Flim Flam Man (1967),3
How to Make a Medusa Blink,3
The Climb,3
The Amadain,3
Mary Engelbreit's the Night Before Christmas (2004),3
Men in Black II (2002),3
Au Pair (1999),3
Game On!,3
The Night Before Christmas: A Mouse Tale (2002),3
Teen Wolf (1985),3
Louder by the Dozen,3
Mad Hot / Mamaland Blues,3
Igor (2008),3
The Advice,3
Tails of Woe / The Last Loud on Earth,3
FernGully: The Last Rainforest (1992),3
The Crocodile Hunter: Collision Course (2002),3
A Tree Grows In Brooklyn (1945),3
Singled Out / Brave the Last Dance,3
The Girlfriend,3
Despicable Villain! The Mystery of Onigumo!,3
Open Season 2 (2008),3
Miami 7,3
Yu-Gi Oh! GX,3
Mother's Day,3
Scoop Snoop / Eye Can't,3
Morris - Just Add Water,3
Pokémon: Mewtwo Returns (2000),3
Dunston Checks In (1996),3
Pretty in Pink (1986),3
Harvey Girls Forever,3
The Orchid Grief / Forks and Knives Out,3
iSpy a Mean Teacher,3
The Master of Disguise (2002),3
Rudolph the Red-Nosed Reindeer and the Island of Misfit Toys (2001),3
Are We Done Yet? (2007),3
The Merry World of Léopold Z (1965),3
80's Block Party,3
The Golden Compass (2007),3
Inuyasha the Movie: The Castle Beyond the Looking Glass (2002),3
YTV Achievement Awards (1989),3
The Boss Maybe / Family Bonding,3
I Can Do That,3
The Adventures of Little Prince,3
The Chronicles of Narnia: The Voyage of the Dawn Treader (2010),3
Screama Donna,3
The Adventures of Jimmy Neutron,3
iTake on Dingo,3
White Fang (1936),3
Till The Clouds Roll By (1947),3
Road Trip: Bizarritorium,3
Pizza Delivery / Home Sweet Pineapple,3
Earl Trappercorn / Queen Bea,3
Mr. Magorium's Wonder Emporium (2007),3
Friended! with the Casagrandes,3
Escape From Space City,3
The Quest (1976),3
Dragon Ball Z: The History of Trunks (1993),3
The Adventures of Rocky and Bullwinkle (2000),3
The Archies: JugMan (2002),3
Lost in the Snow (2002),3
The King and I (1999),3
Karma Chameleon,3
How to Pass the Smell Test,3
Yu-Gi-Oh!: Rulers Of The Duel,3
I Scooby Dooby Do,3
BBC Playhouse: Country Boy,3
Boots Malone (1952),3
O Christmas Tree (1994),3
Problem Child 2 (1991),3
Zixx Level Three,3
Say ‘Awww!’/ Patrick the Mailman,3
Secret of the Jewel of Four Souls Revealed,3
Yu Gi Oh,3
How to Read a Ghost Story,3
Groove Squad (2002),3
How to Mystify a Meanie,3
Big Time Demos,3
The Country Mouse & the City Mouse Adventures,3
Balto II: Wolf Quest (2002),3
Father Time / Apartnership,3
The Movie In My Mind,3
"Paradise Lost, Part 2",3
He-Man and the Masters of the Universe (2002),3
Base,3
Metamorphosis,3
Daughter of the Mind (1969),3
They Went That-A-Way and That-A-Way (1978),3
Free Willy (1993),3
Judy And David's Boom Box,3
Problems,3
Arrgh! / Rock Bottom,3
I Own The Racecourse (1986),3
The Little Dragons (1981),3
Care Bears: Journey to Joke-a-lot (2004),3
Rock Showdown '89 - Canada's National Homegrown Competition,3
Krypto The Superdog,3
A Gift To Last (1976),3
In a Retail Wonderland,3
Jennie (1940),3
Look Who's Talking Now (1993),3
Prancer Returns (2001),3
Dragon Ball Z: Lord Slug (1991),3
All in the Family,3
Sleepy Time / Suds,3
Barbie: Mermaid Power (2021),3
iSaw Him First,3
Mobile Suit Gundam Seed,3
Mr. Mom (1983),3
Kids Help Phone Benefit,3
Pain in the Bat Mitzvah,3
Daleks' Invasion Earth 2150 A.D. (1966),3
Scary Godmother (2003),3
"Mystical Hand of the Amorous Monk, Miroku",3
Any Dream Will Do,3
The Haunted Pumpkin of Sleepy Hollow (2002),3
"Elementary, My Dear Shaggy!",3
Episode 11,3
Climbing Uphill,3
Hatari! (1962) (Part 2 of 2),3
G.I. Joe: The Movie (1987),3
Christmas Who?,3
Don't You Fore-get About Me / Tough Cookies,3
LEGO Scooby Doo: Haunted Hollywood (2016),3
Pop Pop the Question / Lynn and Order,3
The Kids Of Degrassi Street,3
Dad Reputation / Dream a Lily Dream,3
Breaking Up With The Boss's Son,3
One Song Glory,3
The Transformers: The Movie (1986),3
Percy Jackson: Sea of Monsters (2013),3
"Avatar, the Last Airbender",3
Werewolves / Dracula,3
Much Ado About Noshing / Broadcast Blues,3
Director’s Rut / Friday Night Fights,3
SWALK,3
Scary Godmother: Halloween Spooktakular (2003),3
A Mystery Solving Gang Divided!,3
Men in Black (1997),3
The Spiderwick Chronicles (2008),3
The Countdown,3
The Soul Piper and the Mischievous Little Soul,3
Kidswatter's Opus / The Three Erics,3
Tiny Toons Looniversity,3
Jellystone,3
The Great St. Trinian's Train Robbery (1965),3
Returning Of The Key Ring!,3
Renn Scare,3
Shinbone Alley (1971),3
Trolls: World Tour (2020),3
Confrontations with Nature,3
When I Grow Up,3
Phantom Showdown,3
Wild World of Kids,3
Bring It On,3
Say Awww! / Patrick the Mailman,3
The Flower Plot / SpongeBob's on Parade,3
Black Stallion,3
Time To Read - Tickle on the Tum,3
Mr. Nice Guy,3
Yura of the Demon-Hair,3
Time To Read - Simon and the Witch,3
Joe Panther (1976),3
Swalk,3
The High School Wolfman's Musical Lament!,3
Idol Time at the Mall,3
SB-129 / Karate Choppers,3
Tripods,3
The Wild Thornberrys Movie (2002),3
Spongebob Squareants,3
Funpak - 5mins,3
Music to My Fears / Fluff and Foiled,3
Scrooge,3
Party Fowl / Sleepless in Royal Woods,3
Spy Kids 2: The Island of Lost Dreams (2002),3
On The Sunny Side (1942),3
Store Wars With the Casagrandes / Lucha Fever With the Casagrandes,3
A Star is Scorned / Senior Moment,3
SpongeBob B.C.,3
Roll Model With the Casagrandes / No Show With the Casagrandes,3
Pokémon Ultimate Journeys: The Series,3
Candy Crushed / Master of Delusion,3
Pokemon Advanced,3
Eggs,3
Musical Chairs / The Taunting Hour,3
Soybeans,3
Two Of A KInd,3
Sherlock Gnomes (2018),3
Dragons II: The Metal Ages (2005),3
Sabrina Claus,3
The Battle for Swellview (Part 1),3
Saber Rider,3
Scroogey Doo,3
Balto III: Wings of Change (2004),3
Feel the Thunder,3
Xiaolin Showdown   ,3
The Haunting,3
Finale,3
Roll Model with the Casagrandes / No Show with the Casagrandes,3
Bob And Margaret,3
Cops n' Cousins,3
Switching Goals (1999),3
Rufus (2016),3
Mister Roger's Neighbourhood,3
Kidswatter: The Movie / Safety Monitor,3
The Pony (1955),3
Ghost Hunters,3
Rookie of the Year (1993),3
Krab Borg / Rock-a-Bye Bivalve,3
How to Heal a Howler's Heart,3
Bicker Me Not,3
Schooled! (Part 1),3
3 Ninjas Kick Back (1994),3
Three Amigos (1986),3
Hey Arnold!: The Movie (2002),3
Friends in Dry Places / Coupe Dreams,3
The Secret Life of Pets 2,3
Blue Denim (1959),3
Picture This (2008),3
Dinorider,3
And the Splatty Goes to,3
Reindeer in Here (2022),3
Stand by Me (1986),3
Dreamworks: Dragons: 9 Relms,3
iSpeed Date,3
Exchange of Heart / Community Disservice,3
An American Tail: The Mystery of the Night Monster (1999),3
Emmett Otter's Jug-Band Christmas (1977),3
The Composers' Specials,3
Trading Mom (1994),3
Yogi Bear (2010),3
We'll Always Have Parasites,3
Aftershocks,3
Monster Museums,3
Pokémon 4Ever (2002),3
Nanalan'; The Adventures of Spot; Judy and David's Boom Box; Spider,3
My Leg!/Ink Lemonade,3
A Gift for Heidi (1962),3
Justice League's Next Top Talent Idol Star: Pt. 2,3
Employee of the Month,3
My Dairy,3
11:30pm,3
The Naked Brothers Band Movie (2005),3
11:00pm,3
Nickelodeon Kids Choice Awards 2007,3
Legion of Super Heroes,3
Crash Nebula,3
Sisterly Love,3
The Mystery at Castle House (1982),3
Them Soviet Boys,3
The Night Begins to Shine 2: Chapter 1,3
When Something Better Comes Along with Boys,3
The Chaff,3
The Masked Magician / The Big Bash,3
Hello Bikini Bottom!,3
Tall Titan Tales,3
The Dreaded Remake of Jekyll & Hyde!,3
The Tag,3
Aliens Have Landed,3
The Photo,3
Cave City and Underwater City,3
Myth Mysteries,3
Captain Marvel (Shazam!),3
H20 Mop (Paid Programming),3
Slam Dunked / Evilest in Show,3
Scooby-Doo! WrestleMania Mystery (2014),3
Flashback,3
TV Knight 3,3
Rufus the Dog,3
The LEGO NINJAGO Movie (2017),3
Atlantis SquarePantis,3
Dear Dumb Diary (2013),3
Jack Frost (1998),3
The Lego Movie,3
Despicable Me 2,3
Blizzard (2003),3
iNevel,3
Space Station,3
Free Samples / Home Sweet Rubble,3
The Watch / The Bet,3
Naughty Nautical Neighbors / Boating School,3
The Campaign,3
Night of the Upsetting Shorts,3
Planet Heroes: Ace in Space (2007),3
Where the Lilies Bloom (1974),3
The Children's Hour (1961),3
Lord Love a Duck (1966),3
J.R.R.T.: A Film Portrait of J.R.R. Tolkien (1996),3
Patnocchio/ChefBob,3
Spoiler Alert!,3
The Courtship of Eddie's Father (1963),3
Crushed,3
Shari's Passover Surprise (1996),3
Jumanji (1995),3
House Crushing for Dummies,3
"El Tigre, The Adventures of Manny Rivera",3
The Groover,3
Relative Chaos,3
Captain Scarlet,3
The Tale of the Midnight Ride,3
Mr. Student,3
The SpongeBob Movie: Sponge on the Run,3
Yu Gi Oh!,3
Cheaper by the Dozen (2003),3
The Tale of the Curious Camera,3
Pokemon Advanced Battle,3
The Shippening / The Brain,3
Collaborators,3
Magic Shop,3
Teen Titans GO! See Space Jam,3
Be Careful What You Wish For,3
You Asked for It,3
She Ra: Princess of Power,3
A Miser Brothers' Christmas (2008),3
Catilin's Way,3
Larry the Floor Manager/Man Ray Returns,3
Drawing The Line,3
"Snoopy's Getting Married, Charlie Brown (1985)",3
The Adventures of Zorro,3
Mermaid Man and Barnacle Boy IV; Doing Time,3
The Intelligence,3
The Man From U.N.C.L.E,3
Look Homeward (1968),3
Alpha and Omega (2010),3
Cave Dwelling Sponge/The Clam Whisperer,3
The Kiss Under the Mistletoe (2005),3
Scooby-Doo! Camp Scare,3
Gundam Wing: Endless Waltz (1997),3
The Legend of the Christmas Tree (2002),3
Scissors,3
The Tale of the Magician's Assistant,3
The Wizard of Oz in Concert: Dreams Come True (1995),3
SpongeBob's Big Birthday Blowout,3
"Yours, Mine & Ours (2005)",3
The Salty Sponge / Karen for Spot,3
The Land Before Time: The Series,3
Squiditis / Demolition Doofus,3
The Voice,3
Hollywood's Top Ten,3
Thumb Wrestling Federation: Matches,3
The Gold and Glory (1984),3
Paid Programming: Saver Food,3
Mean Isn't Your Color,3
How to Train Your Dragon (2010),3
Open Season (2006),3
The Prisoner of Zenda (1952),3
Robin Hood: The Movie (1955),3
The Tale of the Whispering Walls,3
The Tale of the Dark Dragon,3
Super Evil Aquatic Villain Team Up is Go! / Chum Fricassee,3
The Mountain and the Molehill (1989),3
Anna to the Infinite Power (1982),3
Encounter With Orion,3
Music Video,3
Snow Yellow,3
Demon Prom,3
Some Fred Time,3
Yaa! To the M@x,3
Pokémon: BW Adventures in Unova,3
Camp Cairboo,3
WIldlife,3
Painting Pictures,3
Arthur 3: The War of the Two Worlds (2010),3
Nanlan',3
Plastinots,3
Transformers: Earthspark,3
The Best Years of Our Lives (1946),3
You Can't Scare Me!,3
N is for Neutral?,3
The Secret Life of Walter Mitty (1947),3
The Cape,3
Leg Day,3
The Overbite,3
The Dignity of Teeth,3
The Titans Show,3
The Croissant,3
Garfield Goes Hollywood (1987),3
Scooby-Doo! The Sword and the Scoob (2021),3
The Quest / The Spoon,3
TBA,3
I'm the Sauce,3
Accept the Next Proposition You Hear,3
Open Door Policy,3
"Hey You, Don't Forget About Me in Your Memory",3
The Microwave / The Meddler,3
Henry Danger: The Movie (2024),3
"40%, 40%, 20%",3
The Krusty Sponge / Sing a Song of Patrick,3
Scooby-Doo! Camp Scare (2010),3
Serious Business / Thanksgiving,3
Road Trip / The Best Robin,3
Robin Backwards / Crazy Day,3
The Sock / The Genius,3
Yearbook Madness / Hose Water,3
The Club / The Wand,3
Li'l Scratch (1970),3
Flatworld (1997),3
Meet Me In St. Louis (1944),3
King Arthur and The Knights of Justice,3
Teen Titans Go! See Space Jam (2021),3
Booby Trap House,3
Two Bumble Bees and a Wasp / Oil Drums,3
The Mysterious Stranger (1982),3
Kicking a Ball and Pretending to be Hurt / Head Fruit,3
Campfire Stories / The Hive Five,3
And the Award for Sound Design Goes to Rob / Some of Their Parts,3
Ratatouille (2007),3
Pest of the West,3
Bottle Episode,3
Pyramid Scheme,3
Finally a Lesson,3
Miracle on 34th Street (1947),3
Obinray,3
"It's Christmas Time Again, Charlie Brown (1992)",3
Batman vs. Teen Titans: Dark Injustice,3
Wally T,3
The End / The DVD,3
Oregon Trail,3
April and the Sandman (1994),3
A Friendly Game / Sentimental Sponge,3
New Fish in Town / Love That Squid,3
Operation Dude Rescue (Part 1),3
Operation Dude Rescue (Part 2),3
Grube's Fairytales,3
A Farce,3
Pure Protein,3
A Gift For Heidi (1958),3
BBBDay!,3
Black Friday,3
Coconut Cream Pie,3
Two Parter (Part 1),3
Two Parter (Part 2),3
The True Meaning of Christmas,3
Teenage Mutant Ninja Turtles: The Next Mutation,3
CARTOON MOVIE,3
Happy Feet (1991),3
Fudge-A-Mania (1995),3
Oh Yeah!,3
Scooby-Doo! and the Curse of the 13th Ghost (2019),3
Beast Boy's St. Patrick's Day Luck and It's Bad,3
Snuggle Time,3
Robin Hood: The Movie (1958),3
New Archies,3
Bogus Celebrity,3
Absolute Power,3
Fire and Ice,3
Caged Tiger / Nose Mouth,3
Lassie Go Home / Hit the Showers,3
Charlie's Christmas Secret (1984),3
Sold! / Lame and Fortune,3
The Traffic,3
Waffles / Opposites,3
Brain Food / In and Out,3
WhoBob WhatPants,3
Uncle Jokes / Mas y Menos,3
"Real Magic / Puppets, Whaaaaat?",3
The GI / The Kiss,3
Brian,3
Teen Titans Save Christmas,3
Gogoriki,3
The Easter Chipmunk (1995),3
Picture Perfect / Undie Pressure,3
Birthday Bashed / Momnipresent,3
Selling Out / Funny Pants,3
Super Robin / Tower Power,3
Friend or Foe?,3
Justice League's Next Top Talent Idol Star (Part 2),3
Justice League's Next Top Talent Idol Star (Part 1),3
Meatball Party / Staff Meeting,3
Burger vs. Burrito / Matched,3
Naughty Marietta (1935),3
Chapter Two: The Story In Your Eyes,3
Roller Cowards / Bucket Sweet Bucket,3
The Code,3
Click,3
Books / Lazy Sunday,3
Thanksgetting,3
Love Monsters / Baby Hands,3
BBSFBDAY!,3
Roll Bounce (2005),3
The Blob That Ate Everyone,3
The Tale of Cutter's Treasure: Part 2,3
Casper's Halloween Special (1979),3
Something Good for Halloween,3
BattleTech: The Animated Series,3
Chronicles of Narnia,3
Tangled (2010),3
Fish Water,3
Come Blow Your Horn (1963),3
Camping Trip,3
"Where There's a Will, There's a Wraith",3
Money Grandma,3
Yogi Bear's All-Star Comedy Christmas Caper (1982),3
Friendship / Vegetables,3
Regular Show: The Lost Tapes,3
BBRAE (Part 2),3
Mr. Butt,3
Salty Codgers,3
Monster Hunt,3
Spider-Man (or Are You Afraid of the Dark?),3
The Robot / The Picnic,3
Escape from Mr. Lemoncello's Library (2017),3
The Words / The Apology,3
I See You,3
Best of They Must Be Mad!,3
Alvin and the Chipmunks: Trick or Treason (1994),3
Twisteeria (1998),3
The Phone / The Job,3
Muscular Dystrophy Association of Canada Labor Day Telethon (1994),3
The Streak (Part 1),3
The Sports Illustrated For Kids Show,3
Pudd'nhead Wilson (1984),3
Shrinking Stars / Welcome to Binary Bottom / The Switch Glitch / You're Going to Pay... Phone / A Skin Wrinkle in Time (The Tidal Zone),3
Odds Squads,3
Rocky & BUllwinkle,3
Sticky Situation,3
Bruce Almighty (2003),3
Day Of The Dragon,3
Susan Slept Here (1954),3
Social Death with Boys,3
YTV In Class/Cable in the Class,3
Salvation,3
Bad Hare Day,3
Bucky O'Hare and the Toad Wars!,3
Earthwork Jim,3
Kronk's New Groove (2005),3
Pillow Talk (1959),3
International Circus of Monte Carlo,3
Nick and Noel (1993),3
Cool Hand Norm / Sunny Daze,3
The Nutcracker: The Motion Picture (1986),3
Frontier Footlights (1988),3
The Carol Burnett Show,3
Procrastination / I'm With Stupid,3
Justice League's Next Top Talent Idol Star: Second Greatest Team Edition,3
Bigfoot,3
Dennis the Menace (1987),3
Medabot,3
The Talented Mr. Buttons / The Girl Who Cried Meteor,3
Miracle of the Heart: A Boys Town Story (1986),3
Dr. Seuss' Horton Hears a Who! (2008),3
The Apartment (1960),3
Adventure Time: Fionna and Cake,3
Good Boy! (2003),3
Live Unity (1992),3
Enchanted Tales: The Hunchback of Notre Dame (1996),3
24 Hour Famine,3
Teach Me To Dance (1978),3
LEGO DC Comics Superheroes: Justice League -- Gotham City Breakout (2016),3
Enchanted Tales: Snow White (1994),3
The Tale of the Dark Music,3
Episode 6,3
Pocketful of Miracles (1961),3
Episode 12,3
Mr. Tickleschmootz,3
Diary of a Wimpy Kid: Dog Days (2012),3
Christmas Tree,3
Junior (1994),3
Net Gains / Pipe Dreams,3
New York Minute (2004),3
Bella & The Bulldogs,3
The Werewolf of Fever Swamp: Part 2,3
Pokémon Black & White,3
Man's Favorite Sport? (1964),3
More Monster Blood,3
Eve of Destruction,3
We'll Be Right Back,3
Scary…But True,3
Housecleaners,3
Natural Gas,3
UH OH!,3
The Joy,3
Come September (1961),3
A Fairly Odd Christmas (2012),3
Web World Wars,3
365!,3
Jimmy Neutron,3
The Tale of Prisoners Past,3
Jump City Rock,3
The Score,3
Game Over,3
Strange Bedfellows (1965),3
The Tale of the Dangerous Soup,3
Unmasked (Part 1),3
"Merry Christmas, Drake & Josh (2008)",3
Sailor Moon R: The Movie - Promise of the Rose (1993),3
The Edge of Beyond,3
Tried,3
Our House,3
Where No Sprite Has Gone Before,3
The Bad News Bears Go To Japan (1978),3
The Heart,3
Toopy and Binoo the Movie (2023),3
The Possession,3
Banjo Hackett (1976),3
The Life and Adventures of Santa Claus (1985),3
"All Growed Up, Part 2",3
So You Skink You Can Dance,3
Things Fall Apart,3
The Legend of Frosty the Snowman (2005),3
Lost in the Snow (2001),3
Zixx: Lewel Two,3
Odd Birds (1985),3
YTV In Class / Cable in the Classroom,3
My Name Is Jose,3
Rap Star,3
Welcome to Dead House,3
Telekinisis,3
The Stars Shine for Joe Philion (1989),3
Lover Come Back (1961),3
Go!,3
Pool Season,3
Porch Pirates,3
In and Out,3
TV Knight 7,3
iHate Sam's Boyfriend,3
Borderline High (1992),3
The Lie,3
The Potion,3
Oh Mi Corazon,3
Take Me or Leave Me,3
Catastrophic,3
Lemony Snicket's A Series of Unfortunate Events (2004),3
The Wonderful Wizard of Mapleview: Part 2,3
The Internet on Haunted House Hill!,3
Pretty as a Picture,3
The Grill Is Gone / The Night Patty,3
Missing,3
LEGO DC Shazam: Magic and Monsters (2020),3
The Nest,3
Carol Burneet and Friends,3
Family Christmas Concert,3
Drool Aid,3
The Little Brown Burro (1978),3
Aladdin & the Magic Lamp (1983),3
Superman: Man of Tomorrow (2020),3
Heart of Christmas,3
The Slumber Party / Grooming Gary,3
The Wedding Singer (1998),3
SpongeBob Meets the Strangler / Pranks-a-Lot,3
LEGO DC: Shazam!: Magic & Monsters (2020),3
Canada on Film,3
The Curse of Reality,3
Jam,3
"Casper, The Friendly Ghost",3
Making the Band,3
Mr. Popper's Penguins (2011),3
Mermaid You Look/Mrs. Tinklebottom,3
The Genius,3
The Spinoffs,3
The Sock,3
Boys Town (1938),3
One Zillion / Bite at the Museum,3
Gumby: The Movie (1995),3
How the West Was Won (1962),3
iGot a Hot Room,3
Mas Y Menos,3
SpongeBob's Birthday Blowout (Part 1),3
Lego Scooby-Doo! Haunted Hollywood (2016),3
Rigged Resto,3
Zimdings,3
YTV In Class / Cable In The Classroom,3
The Lego Batman Movie (2017),3
When You Squish Upon a Star,3
International Velvet (1978),3
Gigabyte,3
Gerry Coaches Fencing,3
A Very Middle School,3
A Monster in Paris (2011),3
Superstars of Country (Paid Programming),3
Don't Press Play,3
As You Squish,3
Huggbees,3
The Life and Adventures of Santa Claus (2000),3
Let's Sick Together,3
Hoodwinked Too! Hood vs. Evil (2011),3
Kids Choice Awards 2014,3
Dennis the Menace Strikes Again! (1998),3
The Laziest,3
Break in Case of Emergency,3
Mission Yeti,3
Mischef City,3
Sandy's Nutmare / Bulletin Board,3
Who Gets the House? (1999),3
Four Boys and a Puppy,3
Pokémon: BW Rival Destinies,3
The Dress,3
A Loving New Home,3
U Got the Look,3
Just Like Dad (1995),3
The Undercover Kid (1996),3
Tom Finds a Friend,3
Santa Claus Parade,3
The Tale of the Prom Queen,3
70's Explosion,3
Gramma's Secret Recipe / The Cent of Money,3
Micecapades / Formula for Disaster,3
Three's Not a Crowd,3
Off Air - Technical,3
The Tale of Despereaux (2008),3
Battlle B'Daman,3
Music Maestro,3
Episode 4,3
Puppy Party,3
Polly Ethylene and Tara Phthalate,3
Squid Noir / Scavenger Pants,3
Shadows Raiders,3
Lassie's Great Adventure (1964),3
Batman's Birthday Gift,3
Degrassi Goes Hollywood (Part 1),2
Happily Never After,2
Furry Vengeance (2010),2
How to Fight for Your Rights,2
Legion of Superheros,2
Fandom Pains / Rita Her Rights,2
Five Days,2
The Edge of Two Morrows,2
The Fix Up,2
A Figgy Duff Christmas (1978),2
Pineapple Invasion / Salsa Imbecilicus,2
"Nicky, Ricky, Dicky and Dawn",2
Cloudy With A Chance of Meatballs,2
Birds,2
A Matter of Principal,2
Hatari! (1962) (Part 1),2
"If You Can't Scooby-Doo the Time, Don't Scooby-Doo the Crime",2
Holidaze: The Christmas That Almost Didn't Happen (2006),2
The Nose Bonk Nemesis,2
S3E42,2
The Happy Sardine / Less Ordinary People,2
Pulp Friction / Pets Peeved,2
Fed Up / Shell Shock,2
Sympathy for the Squishy,2
Barbie as the Princess and the Pauper (2004),2
Big Time School of Rocque,2
Scout's Honor,2
Comic Book Heroes,2
Rise of the Guardians (2012),2
Fool's Paradise / Job Insecurity,2
Clementine,2
iOwe You,2
Sardinee Babies / Party Tron,2
Eragon (2006),2
International Circus Festival,2
"Fame, Blame & Video Games",2
The Collaborators,2
In Space,2
Zoink’d,2
Sore Winner,2
Jimmy Timmy Power Hour (2004),2
Santa's Apprentice,2
The Dentalist / Maid in Cedar Hills,2
Twas The Night Before Spongemas (2022),2
Yeti Krabs / Kenny the Cat,2
Turn Up The Volume,2
National Lampoon's Christmas Vacation 2: Cousin Eddie's Island Adventure (2003),2
Snowball Effect/One Krab's Trash,2
Sardinasaurus / Flint v. Flint,2
Skies End,2
The Smurfs (2013),2
Alvin and the Chipmunks (2007),2
iPromise Not to Tell,2
S.W.A.L.K,2
Energy Crisis,2
H20: Just Add Water (2006),2
Break Up,2
White Hare / Insta-Gran,2
The Downer,2
The Origins,2
Yes Man/Friend or Faux,2
No Laughing Matter/No Spoilers,2
Rintindumb,2
Kamp Koral,2
Ambition,2
The Princess of Tomboso,2
First Day of School,2
Battle for the Universe Begins,2
Barnyard (2006),2
The Adventures of Sharkboy and Lavagirl (2005),2
Abra and Cadabra,2
Teen Titans Go! & DC Super Hero Girls: Mayhem in the Multiverse (2022),2
Emotional Rescue,2
Sailor Mouth / Artist Unknown,2
Flurf,2
Forbidden City,2
House Worming / Mimic Sadness,2
The Dreaded Remake of Jekyll & Hyde,2
Hard Copy / Parent Hoods,2
CMT Premieres: Taylor Swift 'Mine',2
H20: Just Add Water,2
Rokan: Enemy From Space / Wanted: The Super Friends,2
Meet Mr. Kringle (1957),2
Chabot Solo,2
Skunked!/Neighborhood Bird Watch,2
Voltina / And the Loser is...,2
The Exercise Chef,2
Marv Attacks / A Wolf in Cheap Clothing,2
Odd Jobs/Movie Magic,2
Cave Survival,2
Story of the Century,2
Shopping Spree,2
Bakugan: Legends,2
Transformers: Animated,2
Virtual Mortality / Daffy Traffic Cop Stop: Lions / Miner Threat,2
The Two Faces of Squidward,2
Funny Book Bunny / Balloon Salesman: All the Balloons / Kitty Krashers,2
Emu Show,2
Santa Watch,2
Tweet Suite / Daffy Magician: Cut in Half / Desert Menu,2
Hide & Seek,2
Look Who's Talking Too (1990),2
Sweet Thirteen,2
Feral Friends/Don't Wake Patrick!,2
Tales from the Neverending Story: Badge of Courage (2003),2
Tongue Tied,2
"The ""Good Old Days!"" / Future Lost",2
Royal Heartbreak,2
Monsters and Other Scary Things (1978),2
Stand By Me (1986),2
Virtu-Earl Reality / Hair We Go Again,2
Spin the Bottle/There's a Sponge in My Soup,2
The Fairy OddParents,2
Biography Theatre,2
Wreck & Roll,2
The Traitor,2
Flunky,2
Raging Granny / Daffy Psychic: Famous / Spare Me,2
Decade Of The Family,2
Mermaidman And Barnacle Boy IV / Doing Time,2
Fifteen,2
Fantastic Beasts and Where to Find Them (2016),2
Birthday Grifts / Daffy Magician: Vintage Porkys / Tub-o-War,2
Stories Of The Century,2
Weathering Heights / Trashing of Zhuper Girl,2
Hatari! (1962) (Part 2),2
Zhurassic Park / Hamster a la Kart,2
My Leg!,2
Inuyasha the Movie: Affections Touching Across Time (2001),2
Poultry in Motion / Les Disherables,2
Festival of Christmas Carols 2004,2
Finale (Part 1),2
Chapter Two: The Story in Your Eyes,2
Timmy the Barbarian / No Substitute for Crazy,2
The Love,2
Christmas in Gaudinia (2000),2
Lasties With Firsties,2
Open Wide and Say Aaagh! / Odd Pirates,2
Shopaholic Granny,2
Talkin' Trash / Timmy TV,2
Adventures of Gallant Bess (1948),2
Wrong Number,2
Scrooged (1988),2
Timmy Rockgood / Swallow Fails,2
Pokémon: Diamond and Pearl: Battle Dimension,2
The Challenge (2003),2
Dance Crazed Bear,2
The Tell-Tale Art,2
Car Trek,2
Barbie: Fairytopia (2005),2
The Abrasive Side / Earworm,2
There's Something About Andy!,2
The Adventures of Sharkboy and Lavagirl in 3-D (2005),2
Big Time Crib,2
Gym Teacher: The Movie (2008),2
Pearl of My Dreams / Bugs Hole Gags 2: Down the Drain / Mech-A-Mess,2
Story Book It / Hairible Mistake,2
Gap Between the Ages,2
A New Squid In Town / Wish Fixer,2
Turn Up the Volume,2
Millionaire Monkey / Baby Brent Sitter,2
Hypno Kat / The Allergy,2
"Yours, Mine and Ours (2005)",2
Chompers for Cobcorn / Boat Day,2
Degrassi,2
Sesshomaru and the Abducted Rin,2
Kung Fu Panda 3,2
Really Loud House,2
Beddy Bye / The Grass is Greener,2
Beyblade Burst,2
Clickety Clacks / Rocksy's Thing,2
The Society,2
Little Buddies,2
Totally Spaced Out/The Switch Glitch,2
King Chang / The End of the Universe-ity,2
Patrick's Staycation / Walking the Plankton,2
Algae's Always Greener / Sponge Guard On Duty,2
"Potty Mouth / ""L"" is for Love",2
The Last Airbender (2010),2
Bunsen is a Beast!,2
Children Of The World,2
The Principal,2
Man of the North,2
"Now Zhu See Me, Now Zhu Don't / Walk a Mile on Our Zhus",2
April Fools Rules / Cereal Offender,2
The Sun,2
Beddy Bye / Grass is Greener,2
King of the Camp (2008),2
Spark,2
Tall Tail / BFFF,2
Mock Law & Order,2
Call Me Claus! (2001),2
Adventures of Huckleberry Finn (1986),2
Staff Hangover,2
West End Girls,2
Stranded In Toronto,2
All The Way Home (1963),2
Dr. Dolittle 3 (2006),2
SCI Q,2
Yu-Gi-Oh! The Movie: Pyramid of Light (2004),2
Missing Kids Special,2
My Foot Hurts,2
The Beginning of the End,2
Let's Keep Going (Part 2),2
Kangaroo Jack: G'Day U.S.A.! (2004),2
Return to the High Country (1975),2
Legally Blonde (2001),2
Bakugan: Evolutions,2
iReunite with Missy,2
Let's Keep Going (Part 1),2
Shanghaied / Gary Takes a Bath,2
Indestructible Henry: Part 2,2
Flipping Over You,2
The Spongebob Squarepants Movie (2004),2
Texas / Walking Small,2
Anne of Green Gables,2
Pass/Fail,2
Rock-a-Bye Voltar / iDestruct,2
What Goes Around / Make of the Raccoon,2
Captain Drex,2
Christmas Show,2
Valentine's Day / The Paper,2
Last Man Floating,2
Escape Room,2
We Wish You a Merry Christmas (1999),2
Care Bears Nutcracker Suite (1988),2
Spy Kid,2
Voyager (1963),2
Life On The Mississippi (1984),2
Kid vs. Kat - Shorts,2
Ultimate Avengers: The Movie (2006),2
Moana (2016),2
How the Test Was Won / Im Okay Youre A Kat,2
He-Man & Masters of the Universe,2
Growth Spout / Stuck in the Wringer,2
Goodbye (Part 1),2
GSBS - Weekend Rental,2
The Haunted Pumpkin of Sleepy Hollow (2003),2
Monster Mash (2000),2
A Charlie Brown Christmas,2
Scream 2 (1997),2
The Legend Of The Christmas Tree (2002),2
I Downloaded a Ghost (2004),2
Hi Hi Puffy Ami Yumi,2
The Christmas Stocking Tale,2
Garfield's Thanksgiving (1989),2
Cool Older Sister,2
No Right Way,2
Discomfort Of Strangers,2
The Kiss Under The Mistletoe (2005),2
A Very Fairy Christmas (2006),2
Odd Couple / Class Clown,2
A Wobots Christmas (2003),2
A Fairy Tale Christmas (2005),2
Tacorea,2
Bakugan: Armored Alliance,2
Tricked (Vignettes),2
Fear (1996),2
"How to Have Your Samosa and Eat It, Too",2
Warped,2
The Fortune Teller,2
Love In A Goldfish Bowl (1961),2
Haunted House,2
PollyWorld (2006),2
Donny Goes AWOL,2
The Ghost of Montgomery's Inn,2
Catch That Kid (2004),2
The Ghost of Rouge Valley Farm,2
Stranded in Toronto,2
Drake & Josh Go Hollywood (2006),2
Shantz,2
Babes in Toyland (1961),2
Annabelle's Wish (1997),2
Yogi's All Star Comedy Christmas (1982),2
The Fairly OdParents,2
Lost In The Snow (2002),2
Scary Godmother: The Revenge of Jimmy (2005),2
The Christmas Secret (2000),2
How to Be Ridonkulous,2
William Shakespeare's Romeo + Juliet (1996),2
Little Giant Ladder (Paid Programming),2
Yu-Gi-Oh!: Enter the Shadow Realm,2
Classic Soul Ballads (Paid Programming),2
Zolar: The Extreme Sports Movie (2004),2
Going Dutch,2
Spectacular! (2009),2
Destroyer,2
Jimmy Timmy Power Hour 2: When Nerds Collide,2
Free Fallin' (Part 2),2
Gulliver's Travels (1939),2
Three Amigos! (1986),2
Tales from the Neverending Story: The Gift of the Name (2002),2
The Wedding,2
Ice Age: Continental Drift (2012),2
Tales from the Neverending Story (2001),2
Teenage Mutant Ninja Turtles (1990),2
A Night In,2
The Road Back (1965),2
Stainz-R-Out (Paid Programming),2
Margaret Gets a Job,2
Canada's Search For Missing Children,2
Cree Hunters of the Mistassini (1974),2
"SpongeBob's Birthday, Part 1",2
Arctic Doctor,2
Mummy's Boy,2
The Littlest Warrior (1963),2
Hover May i Board With Danger'' / Free Gilly'',2
Parenthood (1989),2
"The Lexicon of Love, Part 2",2
Trolls The Beat Goes On,2
Four Summers,2
Sinbad the Sailor (1963),2
Dr. Blowholes Revenge,2
Scooby-Doo Sword of the Scoob [2021],2
Patty Caper / Plankton's Regular,2
Dadbra-Cadabra / Timmy Turnip,2
Robinson Crusoe On Mars (1964),2
My Little Pony: Equestria Girls (2013),2
The Lego Ninjago Movie (2017),2
Grandpa Andy,2
Fly Boy / Temporary Fairy,2
Ice Age: The Great Egg-Scapade (2016),2
Down Goes Santa (Part 2),2
Boiling Point,2
Gullible Pants / Overbooked,2
An Elephant Never Forgets / Otter Things Have Happened,2
Adventure Of Dinosaur Badlands,2
"Death or Glory, Part 2",2
The Ghost of the Arts and Letters Club,2
Best of Prank Patrol,2
Krippendorf's Tribe (1998),2
Mouth Candy,2
Canada's Search for Missing Children,2
Mayor or Mayor Not / Fisherman Sam,2
Sixty Feet Under,2
Grandpappy the Pirate / Cephalopod Lodge,2
Wishology: The Final Ending,2
GT Express 101 (Paid Programming),2
Mission Responsible / Hair-I-Cane,2
Hamicil,2
The Fate of Danger: Part II,2
Greeting Card,2
Festival of Christmas Carols (2005),2
Coach Pattie,2
Who You Calling Garbage? / The Ballad of Johnny Sardine,2
Polly Pocket 2: Cool at the Pocket Plaza (2005),2
Truth or Square,2
"That's Sal, Folks! / Cloudy with a Chance of Clouds",2
The Adventures of Tintin (2011),2
Jellyfishing / Plankton!,2
Haunted Lighthouse / Mexican Ufo,2
Hall Monitor / Jellyfish Jam,2
Rolie Polie Olie: The Great Defender of Fun (2002),2
Santa Stole Our Dog: A Merry Doggone Christmas! (2017),2
Holiday Punch,2
Goldie's Oldies,2
Down Goes Santa - Part 2,2
Dancing In My Shell / Around The World In Eighty Pie,2
SpongeBob's Last Stand,2
Out of the Groove / Jungle Law,2
Nip Duck / Search and Deb toy,2
Tooned In,2
School Of Rock,2
Boiler Room,2
It Happened At The Dance,2
Ghost Dad (1990),2
Buzz Off / Fat Kat,2
Countdown (1967),2
Vicky Gets Fired / Chindred Spirits,2
No Man's Land,2
Hooky / Mermaid Man and Barnacle Boy II,2
Consequences,2
iPromote Tech Foots,2
Opposites Attract (Part 2),2
Snowman (1975),2
How to Find Your Missing Monster,2
Material Girls (2006),2
Drive Happy/Old Man Patrick,2
Pranksters' Paradise,2
Tangled in the Web / Crown Fools,2
iGot Detention,2
Daddy's Girl,2
"Trees Company / Tim, Jim and Kim",2
Save the Date,2
They Went To Fight For Freedom,2
The Stanley Luau,2
How to Make a Monster Cry,2
World of Witchcraft,2
Pokémon: DP Battle Dimension,2
Corus Young Filmmakers Initiative,2
Out of the Picture / Room with a Feud,2
Coming Home,2
Pink Panther (2006),2
Dream Goat / The Same Game,2
How to Throw a Monster Party,2
A Wish Too Far / Tiny Timmy,2
YMCA,2
House Sittin' for Sandy / Smooth Jazz at Bikini Bottom,2
The Other Woman,2
Hot Wheels AcceleRacers: Breaking Point (2005),2
Night at the Museum 3,2
Fairy Fairy Quite Contrary / Nectar of the Odds,2
The Lost Scepter,2
Barbie: Mermaid Power (2022),2
iHatch Chicks,2
iRue the Day,2
Patching Things Up / Cheater by the Dozen,2
The Night Begins to Shine 2: Chapter 5,2
New Digs / Krabs a la Mode,2
The Burger,2
Chocolate with Nuts / Mermaid Man and Barnacle Boy V,2
Best Friends Forever,2
Alien Contact,2
How to Make a Comeback,2
How to Unplug a Sparker,2
The Mad Dogs vs. Line Drive 25,2
The Sushi Connection,2
The Little Savage (1959),2
The Girls In The Band,2
"Get a Clue, Unicorn!/Move Out, Unicorn!",2
Batman: Mystery of the Batwoman (2003),2
"Now Zhu See Me, Now Zhu Don't/Walk a Mile in Our Zhus",2
You Doo / Just Desserts,2
Pure Hell of St. Trinian's (1961),2
Flint TV/Spa Daze,2
The Dragon's Rage,2
Yes Man/Friend or Faux?,2
The New Leaf / Once Bitten,2
National Lampoon's European Vacation (1985),2
To Love a Patty / Breath of Fresh Squidward,2
Change of Heart / Health Kicked,2
Opposites,2
Stupid Over Cupid,2
iHave a Love Sick Teacher,2
National Lampoon's Vacation (1983),2
Operation Ouch,2
Teacher's Union/Head Poet's Anxiety,2
The Innocents (1961),2
August Rush (2007),2
Whale Watching/Krusty Kleaners,2
How to Prove You're Actually a Nice Person,2
Brother of the Wind (1975),2
Just Jordan,2
The Perfect Man (2005),2
Squid's Visit / To SquarePants or Not to SquarePants,2
Mooving Day / Big Wanda,2
Just Like a Baby,2
Spongebob's Place/Plankton Gets the Boot,2
Best Day Ever / The Gift of Gum,2
Anne of Windy Poplars (1940,2
iHave My Principals,2
"20,000 Patties Under the Sea / The Battle of Bikini Bottom",2
Percy Jackson and the Olympians: The Lightning Thief (2010),2
Dearly Departed,2
The Private History of a Campaign That Failed (1981),2
The Zone Goes to Smallville,2
High Sea Diving/Bottle Burglars,2
iWant to Date Freddie,2
Little Match Girl,2
Fly Away Home (1996),2
"Go Young, West Man / Birthday Wish",2
Pokémon: Chronicles,2
Panda and the Magic Serpent (1961),2
Lost Dog,2
Bakugan: Battle Planet,2
Little Zoo Coupe / All Choked Up,2
iBloop 2: Electric Bloopaloo,2
The Pink Purloiner / Squid Wood,2
Fairly Odd Parents,2
Magic,2
Adrenalini Brothers,2
The Sandlot 2 (2005),2
Spy Kids 3-D: Game Over (2003),2
Two Brothers (2004),2
Pokémon: Destiny Deoxys (2005),2
Thunderhead - Son of Flicka (1945),2
Sandy's Rocket / Squeaky Boots,2
Graduation,2
Numb Chuck,2
Stitch! The Movie (2003),2
Littlefoot,2
YTV Hit List: The Canadian X-Perience,2
Hot Wheels AcceleRacers: The Ultimate Race (2005),2
iScream on Halloween,2
The First Thanksgiving,2
Beef Whiz,2
Racing Blood (1954),2
Leaky Roof,2
The Culpepper Cattle Co. (1972),2
Sing Boy Sing (1958),2
The Meteorite,2
Lassie: Joyous Sound (1972),2
Hanford's Point (1968),2
Sydney White (2007),2
The Lost Bear,2
Linc or Swim / Changing the Baby,2
Space Chimps (2008),2
Sam and Cat,2
The Avatar Returns,2
The Cycle,2
Oreck (Paid Programming),2
Furby: The Amazing Discovery (2005),2
They Came from the Gateway,2
Presents & Pigs,2
A Day Without Tears/Summer Job,2
Goldfish Fingers/Skate-Lebrity,2
Children of The World,2
Brentonium/Penguipocalypse,2
Avatar: the Last Airbender,2
The Distance,2
First Daughter (2004),2
Stolen Moves,2
Zombie Island,2
Tobi Steamer (Paid Programming),2
The Fresh Prince of Bel Air,2
Sweet Foot Rides,2
Lilo & Stitch (2002),2
Pizzas & Art Projects,2
Justice Gene / Table for 4,2
Casper's Scare School (2006),2
The Night Begins to Shine 2: Chapter 3,2
Kids Choice Awards 2016,2
Whale of a Birthday / Karate Island,2
Squidtastic Voyage / That's No Lady,2
Earl or Pearl? / Total Samesies,2
Voices of Madness!,2
Penny Foolish / Nautical Novice,2
Feral Friends / Don't Wake Patrick,2
Degrassi: The Next Gereration,2
Angry Ghosts,2
Totally Spaced Out / The Switch Glitch,2
Lost in Space (1998),2
Hip Hop Abs,2
Logs of War!,2
"iFight Shelby Marx, Part 2",2
Stuck on You,2
Lego: Ninjago,2
Lobster Claus is Coming to Town,2
Eternal Starshine of the Mage's Mind,2
I Know What You Did Last Summer (1997),2
Mooooving Day / Big Wanda,2
Timmy Rockgood/Swallow Fails,2
Bad Boyfriend,2
The Best Day Ever / The Gift of Gum,2
The Greatest Show on Earth (1952),2
The Crimson Chin Meets Mighty Mom and Dyno Dad / Engine Blocked,2
Microsoft's .net Show 5 (Paid Programming),2
Waltz Back In,2
The Very Littlest Pet Shop,2
Mr. Elderman,2
Battle Hair Loss,2
TV & Me (Part 2),2
The Christmas Path (1998),2
Afraid of Clowns,2
The Gold Standard,2
San Francisco (1936),2
6th Annual YTV Achievement Awards (1995),2
How'd It Turnout?,2
Life's a Glitch,2
Disciplinary Action / This is a Hiccup!,2
Heart Of A Villain,2
Daleks – Invasion Earth: 2150 A.D. (1966),2
Adam's Rib (1949),2
Take Me Out to the Ball Game (1949),2
The Great American Pastime (1956),2
Sacrifice,2
Titan Saving Time,2
"Buttnocchio / Dill, Man of Letters",2
Batman: the Animated Series,2
The Kids of DeGrassi Street,2
Cross Nodes,2
Gerry Cuts a Footloose,2
The Goons,2
Mr. School Song,2
Ronnie n the Browns,2
Picture Perfect,2
Ice Age: A Mammoth Christmas (2011),2
Merry Madagascar (2009),2
An Internationals Twist,2
The Tale of the Dollmaker,2
The Tale of the Quicksilver,2
The Muppets Valentine Show (1974),2
Super Mario Bros.,2
Microsoft's .net Show 15 (Paid Programming),2
See You At the Cottage,2
Her Twelve Men (1955),2
The Salty Sponge; Karen for Spot,2
Oliver Twist,2
The Web,2
The Decisions,2
Ice Age (2002),2
Test Pilot (1938),2
Where The Lilies Bloom (1974),2
The Agent,2
The Muppets Take Manhattan (1984),2
Bakers and Fakers,2
Rhyme It and They Will Come,2
Unnicef,2
The Muppet Movie (1979),2
The Thin Man (1934),2
"Kung Fu Panda:
Legends of Awesomeness",2
The Princess and the Po,2
It Started in Naples (1960),2
The Scam,2
Youth Talk - Racial Discrimination,2
Hatari! (1962) (Part 1 of 2),2
The Teahouse of the August Moon (1956),2
Voyager (1966),2
Beethoven Lives Upstairs (1992),2
"Kreepaway Kamp, Part 1",2
Joyous Sound (1972),2
Lemony Snicket’s A Series of Unfortunate Events,2
"Roswell Conspiracies: Aliens, Myths and Legends",2
The Painted Hills (1951),2
Zeta Project,2
Look Homeward (1964),2
Lassie - The Road Back (1970),2
"Outnumbered, Outplayed and Outwetted",2
How The West Was Won (1962),2
The 1992 World Music Awards (1992),2
Crisis In The Wetlands,2
Lassie: Well of Love (1970),2
Knights of Bloodsteel,2
Jumbo Frank / Owed to a Tree,2
Prides-Maids,2
From Hanson With Love,2
The Goonies,2
Night of the Living Dummy,2
Psykoblast Tour II (Part 2),2
Psykoblast Tour,2
Mister ROgers,2
The Little Dragons (1980),2
iHurt Lewbert,2
Libeled Lady (1936),2
The Land Before Time VII: The Stone of Cold Fire (2000),2
Microsoft's .net Show 8 (Paid Programming),2
Count Me In,2
a2o,2
All the Way Home (1981),2
"Trollection / Bro, Team! Bro!",2
Brighty of the Grand Canyon (1967),2
Microsoft's .net Show 6 (Paid Programming),2
A Date With Judy (1975),2
Scared Shrekless (2010),2
Funny Face (1957),2
The Episode With No Name,2
The Gay Divorcee (1934),2
Peter Pan (2003),2
Living It Up (1954),2
Sailor Moon SuperS: The Movie - Black Dream Hole (1995),2
Sailor Moon S: The Movie - Hearts in Ice (1994),2
Ball-In-Cup,2
Sweet (Truck) Ride,2
To Catch a Thief (1955),2
End of the Line,2
Soccer Dog (1999),2
The Cheerleader,2
Welcome to Halloween,2
Fred Claus (2007),2
The Little Drummer Boy,2
Hit List With Tarzan Dan,2
Mr. Roboto,2
Peer Review,2
Abominable Christmas,2
Bump; Toothbrush Family; Pet Squad; Judy and David's Boom Box,2
Worse Things,2
Pull Your Goalie,2
Maybe This Time,2
Wallace & Gromit: Inside the Wrong Trousers (1993),2
The Tale of the Frozen Ghost,2
Return of the Mummy,2
Pink Panther: A Very Pink Christmas,2
The Journal,2
Toy Story That Time Forgot,2
Citizen Kane (1941),2
1995 NBA College Draft,2
Redakai,2
All That's Known,2
Frosty the Snowman,2
Crossing a Bridge,2
The Outside,2
The Tale of the Full Moon,2
Dear Vikings / Ditchin',2
Lotsa Luck,2
The Prisoner of Zenda (1937),2
True Grit: A Further Adventure (1978),2
Teen Titans Action Part 2,2
Curse of the Booty Scooty,2
Gailbreak!,2
The Glen Miller Story (1953),2
The Seeker (2007),2
Justice League's Next Top Talent Idol Star: Second Greatest Team Edition (Part 2),2
Aurora Borealis / Vampires,2
Teen Titans Action Part 1,2
The Chronicles of Narnia: The Voyage of the Dawn Treader,2
Bouncy Pants,2
A Stickier Situation,2
Mission: 4 Count,2
The Vacation,2
Anna to the Infinite Power (1983),2
The Tale of Locker 22,2
Thunderhead: Son Of Flicka (1945),2
Bruno & Boots: Go Jump In The Pool (2017),2
Stage Door (1937),2
Power Play with the Casagrandes / Room for Improvement with the Casagrandes,2
Dragon Ball Z: Bardock – The Father of Goku (1990),2
Take Me Or Leave Me,2
Justice League's Next Top Talent Idol Star: Second Greatest Team Edition (Part 1),2
How Do You Solve A Problem Like Maria?,2
The Adventures Of Tintin (2011),2
Think,2
Tom Thumb Meets Thumbelina (1997),2
The Extras,2
A Tale Of Two Cities,2
The Tale of The Whispering Walls,2
iOMG,2
Bro-Pocalypse,2
The Stratton Story (1949),2
Turtle Recall,2
How's This for a Special? Spaaaace: Pt. 2,2
Ronnie N The Browns,2
The Movie in My Mind,2
Mission: 4Count,2
Artificial Intelligence,2
The Haunted Mask II (Part 2),2
A Star Is Scorned / Senior Moment,2
The Tale of the Hatching,2
Using Enterprise 19 (Paid Programming),2
Dragonball Evolution (2009),2
Mr. Dog,2
The Krabby Patty That Ate Bikini Bottom / Bubble Buddy Returns,2
Danny Kaye International Children Award for Unicef (1991),2
Hike A Pose,2
The Tale of the Guardian's Curse,2
The Christmas Tree,2
Season 7 Episode 7,2
The Best of They Must Be Mad,2
The Tale of Watcher's Woods,2
Dexter's Laboratory: Ego Trip (1999),2
Are You Happy Now? / Planet of the Jellyfish,2
The Tale of the Crimson Clown,2
How's This for a Special? Spaaaace: Pt. 1,2
The Power of Shrimps,2
The Tale of Old Man Corcoran,2
The Tale of the Unexpected Visitor,2
North By Northwest (1959),2
Squidward's School for Grown-Ups / Oral Report,2
The Tale of the Night Shift,2
Defying Gravity - Part II,2
Child's Play / Force of Habits,2
The Copycats,2
The Tale of the Thirteenth Floor,2
Jellyfish Hunter / The Fry Cook Games,2
5th Annual YTV Achievement Awards,2
The Manager With the Planager,2
Livin' on a Dare,2
Elf (2003),2
iHalfoween,2
Kabooms: Part 2,2
Puppy Puppy Revolution,2
"Bye, Tanya / What Lies Beneath",2
Dragon Ball Z: Bardock - The Father of Goku (1990),2
Pokemon: Black & White,2
Dread of the Class / Welcome to the Doll Heist,2
Kabooms: Part 1,2
A Very Middle School Scandal,2
Big Breeds Big Decision,2
Mr. Big Brother,2
Chicken in the Cradle,2
Mr. Inventor,2
Fair Share / Power Plant,2
Monster By Mistake!,2
A Dog's Best Friend (1960),2
Heritage Minutes,2
Country Mouse and The City Mouse Adventures,2
"Cry of the Cat, Part 2",2
Knights of Bloodsteel (2009),2
Born Kicking (1992),2
Pinnochio,2
Cadillacs & Dinosaurs,2
Best Fwends / The Trivialist Pursuit,2
Pokémon Black and White: Rival Destinies,2
Adventures of a Young Man (1962),2
Bad Eggs / Out of Bounds,2
Harriet the Spy: Blog Wars (2010),2
The Next Star - Supergroup,2
In-Class Video,2
Night at the Museum: Battle of the Smithsonian (2009),2
Kraken Down,2
The Family Tree,2
Mother and Daughter - The Loving War (1980),2
BBCYFSHIPBDAY,2
Deep Trouble: Part 2,2
How I Got My Shrunken Head: Part 2,2
The Original Fry Cook/Night Light,2
The Cat in the Hat (2003),2
The Faith,2
The Pact,2
Mystery Revealed,2
Another Super Saiyan?,2
My Foolish Heart (1949),2
Ninja Turles: The Next Mutation,2
"Won Ton Ton, the Dog Who Saved Hollywood (1975)",2
Mother and Daughter: Loving War (1980),2
Nature,2
G.U.T.S.,2
True Grit (1978),2
Diary of a Teen-Age Smoker (1991),2
A Child Called Jesus (1987),2
Robin Hood (1958),2
Pirates,2
Appointment TV / Karen’s Virus,2
iBalls,2
"Wolves, Witches and Ghosts",2
Pokémon the Series: XY,2
The Parents / The Founder,2
Prevention of Child Abuse Telethon[Note 1],2
Mister Rogers' Neighborhood (MWF) Snelgrove Snail (TT),2
Friday's Child,2
Episode 71,2
Appreciate This! / She's a Shoe-In,2
Bro-Pocalypse / TV Knight 3,2
King Fendrich I / King Fendrich II,2
VICTORi0US,2
BeyWheelz,2
Blues Clues,2
I Was a Sixth Grade Alien!,2
Brother of Mine,2
Monster by Mistake!,2
American Girl: McKenna Shoots for the Stars (2012),2
Go Fish (2019)  (continues until 12:15am),2
Rudolph the Red Nosed Reindeer (1964),2
iApril Fools,2
Festival of Christmas Carols 1999,2
Cinderella: Frozen in Time (1994),2
Don't Go to Sleep!,2
The Coach of the Year (1980),2
Philip and Henry's Safety Magic,2
Magic Circle,2
Innocent Meeting (1959),2
The River Kings (1991) (Part 2 of 2),2
Hospital,2
Potato,2
Tidy,2
A Flintstones Christmas (1977),2
Sex,2
Don't Be Gruel,2
Take Another Look (1994),2
Patrick's Coupon/Out of the Picture,2
Yaa To The Max,2
The Best Man (1964),2
Pinky & the Brain,2
The Land Before Time V: The Mysterious Island (1997),2
Dragon,2
Unidentified Flailing Octopus,2
Donut Disturb / The Cursed Amulet,2
The Funny Pit,2
Part 2,2
Thunerbirds,2
A Chipmunk Christmas (1981),2
Wakko's Wish (1999),2
Pride & Prejudice (1940),2
Hike a Pose,2
Charlie's Christmas (1998),2
The Ant Bully,2
Woody Woodpecker and  Friends,2
Cops and Robin (1978),2
Paid Programming: Saver Foods,2
The Neighbor,2
T'was the Night Before Bumpy (1995),2
A Tale of Two Cities (1935),2
Bucket Pants / A Best Too Far,2
Adventures of Little Mermaid,2
Paul Daniels’ Magic Hour,2
The Tale of the Twisted Claw,2
The Super Mario Bros. Super Show,2
Pokemon BW: Rival Destinies,2
Open Season 3 (2010),2
Little Drummer Boy (1968),2
Power Moves / Staring at the Future,2
Episode 68,2
SpongeBob You're Fired,2
Do It for Yourself,2
Enchanted Tales: Beauty and the Beast (1996),2
Maemo,2
Millenium Minute,2
iMeet the First Lady,2
The Adventures of Mowgli (1973),2
Great Lakes Freakout!,2
A Family Circus Easter (1982),2
The Wonderful Wizard of Oz: 50 Years of Magic (1990),2
A Perfect Life with Boys,2
The Collection,2
Mmmbomb,2
Peter and the Wolf,2
Waking History / Pranks Fore Nothing,2
Pop Superstar,2
Enchanted Tales: Pocahontas (1995),2
Duncan vs. Bailey,2
Aliens in the Attic (2009),2
Snoopy's Reunion,2
Dance City,2
Coaching Prospects,2
Very Scary Fairy Tales,2
Road Trip: From Brad to Worse / Road Trip: Doll Day Afternoon,2
The Charlie Brown and Snoopy Snow,2
A New Guardian,2
Shining Time Station: Family Special,2
Chaos Theory,2
Krusty Krushers / The Card,2
The Explosive Generation (1961),2
The Re-Run,2
Hotel Transylvania 2,2
The Dog Who Saved Christmas Vacation (2010),2
"Digimon, Digimon Everywhere",2
You Don't Know Sponge / Tunnel of Glove,2
The Art of Chill,2
The Fridge / The Remote,2
Little Orphan Annie's Very Animated Christmas,2
The Hero,2
Holiday Affair (1949),2
Paid Programming - Rogers@Home Infomercial,2
Max Gllck,2
Shining Time Station:'Tis a Gift (1990),2
Return to Boggy Creek (1977),2
A Dennis the Menace Christmas (2007),2
The Krusty Sponge/Sing a Song of Patrick,2
The Glenn Miller Story (1954),2
The Chronicles of Narnla,2
Garage To Glory Special,2
Every Witch Way,2
Dot and Spot's Magical Christmas Adventure (1996),2
Beethoven's Christmas Adventure (2011),2
"Flying Pikachu, Rising Higher and Higher!",2
Kreepaway Kamp (Part 1),2
Rock-a-Bye Baby (1958),2
Oggy & the Cockroaches,2
The Signal,2
ICarly,2
Rocks and Water / Multiple Trick Pony,2
Toot & Puddle,2
Kung Fu Panda: Legends Of Awesomeness,2
Cisco Kid,2
Two Of a Kind,2
St. Bears Dolls Hospital,2
The Stink,2
Einstein Tonight (1988),2
The Nativity (1987),2
The Biggest Little Ticket (1994),2
Meena,2
The Roswell Conspiracies,2
Lucy Sullivan Gets Married,2
Rufus The Dog,2
All Mine to Give (1957),2
"Won Ton Ton, the Dog Who Saved Hollywood (1976)",2
Swan Lake (1982),2
Transformers; Generation 2,2
Brentonium / Penguipocalypse,2
Make it Pop,2
Daria: Is It Fall Yet? (2000),2
Bramble Hedge,2
Pablo The Little Fox,2
Sitckin' Around,2
Z Warriors Prepare,2
Panda Bear Dyacare,2
OWL /TV,2
Love in a Goldfish Bowl (1961),2
AGR in Class,2
Episode 2,2
Toy Story of Terror! (2013),2
Frozen Face-Off,2
Let's Break a Deal / A Dish Come True,2
The Willows in Winter (1996),2
All Dogs Go To Heaven (1989),2
PL-1413 / In The Mood to Feud,2
The Batman Superman Movie: World's Finest (1997),2
Flipper – The New Adventures,2
Korea: Canada's Forgotten War,2
Educational Assistant,2
Olsen Twin Features: To Grandmother's House We Go (1992),2
Swindle (2013),2
The Paul Daniels Magic Show,2
You're Invited to Mary-Kate & Ashley's Christmas Party (1997),2
LEGO DC Comics Superheroes: Justice League - Gotham City Breakout (2016),2
"Roswell Conspiracies Aliens, Myths & Legends",2
Barnacle Face / Pet Sitter Pat,2
Krypto Saves the Day!,2
Law & Protection,2
Dudley,2
The Adventures of Reggie Rabbit (1997),2
The Swan Princess III: The Mystery of the Enchanted Treasure (1998),2
This Is The Life,2
Borrowed Powers,2
The 9th Annual YTV Achievement Awards,2
Jacob Two Two's Time Trials,2
Transformers: The Movie (1986),2
Once Upon A Time,2
Corpse Bride (2005),2
Prince: Love 4 One Another (1996),2
Mesly - Three's Not A Crowd,2
Presidents of the United States of America / LL Cool J,2
"Starcrossed, Part 3",2
"Starcrossed, Part 2",2
Taziator / Marvin Flag Gag: Little Martian / Climate Control,2
The Girl Who Cried Monster,2
The Tale of the Long Ago Locket,2
"Tetsuaiga, Phantom Sword",2
Little Lord Fauntleroy (1936),2
Yura of the Demon-hair,2
The New Adventures of the Black Stallion,2
The Demon's True Nature,2
N Is for Neutral?,2
Snowball Effect/One Krabs Trash,2
That Unforgettable Face!,2
The Black Stallion,2
Dr. Xargie,2
Knights Of The Zodiac,2
Return to the Place Where We First Met,2
The Tale of the Closet Keepers,2
Coraline (2009),2
iStart a Fan War,2
Dennis The Menace (1987),2
My Brand Life,2
The Bros / The Man,2
Henry Danger: The Movie (2025),2
YTV in Class / Cable in the Classroom,2
"Desperate Intruder, Part 2",2
The Bogey Man / Crudburger,2
Hulk (2003),2
Touch Ups & Touchdowns,2
Surf's Up Let's Cook!,2
Alex Rider: Operation Stormbreaker (2006),2
ChalkXone,2
Sentimental Journey (1984),2
"Edge of Impact, Part 2",2
Circus Festival of Monte Carlo,2
Smith - The Dog Show,2
Harriet the Spy (1996),2
Trikah - Four Boys and a Puppy,2
Bilsky’s Billions,2
The Disruptor,2
Wagger - A Loving New Home,2
YTV's Jr. Jays TV Magazine,2
Naraku & Sesshomaru Join Forces,2
Be Mine,2
Werid-Ohs,2
Little Big League (1994),2
8:45pm,2
Garfield Gets Real (2007),2
He Man,2
Love Times Two,2
Free Perk,2
Vampire Breath,2
Bye Bye Birthday / Tough Guise,2
The Miracle (1970),2
School of Rock (2003),2
The Greatest @Home Videos,2
The Tale of the Ghastly Grinner,2
Tom and Jerry: Snowman's Land (2022),2
Chapa Phone Home,2
Perfict Fit,2
"Yes Virginia, There Is a Santa Claus (1992)",2
We Did A Bad Thing,2
Merry Christmas Mr. Carrol,2
"Strawberry Shortcake: Berry, Merry Christmas (2002)",2
'Twas the Fight Before Christmas,2
Yura Of The Demon-Hair,2
"Babies In Toyland, Part 2",2
The 10th Annual YTV Achievement Awards,2
I Predict Horror/Destroy Chickie D!,2
We Wish You a Merry Christmas (1994),2
The Clash of Triton,2
Fairly OddParents,2
1010 The Ticket (1993),2
Patrick's Staycation/Walking the Plankton,2
Clash of the Battle Piñatas / R&B in R&D,2
"Twilight, Part 2",2
Juromaru and Kageromaru,2
Squiditis/Demolition Doofus,2
Kaijinbo's Evil Sword,2
The Secret of NIMH 2: Timmy to the Rescue (1998),2
Blackboard Jungle (1955),2
The War,2
Go Eat Worms!,2
The Wind Scar Fails,2
"Al Oeming, Man Of The North",2
Feather of the Bride / Daffy Magician: Pick a Card / Bugs Hole Gags 2: Rattlesnakes,2
Gulliver's Travels (1977),2
Girls In Love,2
Hiccups and Downs / The Loathe Boat,2
"Kagome Kidnapped by Koga, the Wolf Demon!",2
Albert: The Little Tree with Big Dreams (2016),2
Tetsusaiga and Tenseiga,2
"Kikyo and Inuyasha, Into the Miasma",2
10:45pm,2
The Tale of the Unfinished Painting,2
Yosemite Samurai / Bugs Hole Gags 2: Bees Nest / Dummies in the Dark,2
Grizzly Falls (2000),2
The Perfect Pitch?,2
Past II,2
Burn! Meteor Punch of Pegasus!,2
Finding Aquaman,2
Hassle in the Castle / Remy Rides Again,2
Magic  School Bus,2
Bhatti,2
Alpha and Omega 2: A Howl-iday Adventure (2013),2
Hanford's Point (1967),2
They Got Me Covered (1943),2
The Southern Lights,2
iFix a Pop Star,2
Jingle All the Way (1996),2
They Went That-A-Way & That-A-Way (1978),2
The Princess and the Pirate (1945),2
The Thief of Bagdad (1940),2
Be Quiet Scooby-Doo!,2
Anthony Any,2
The Billion Dollar Hobo (1978),2
Cool Parent,2
How Double Dare You? / Snoop's On,2
Animation Workshop,2
Alien Encounter / Crop Circles,2
"Farewell, General Sherwood / Zoom Boomer",2
Anchors Aweigh (1945),2
Artful Dodgers,2
Big Sis B / Journey to the Center of TrollsTopia,2
iPear Store,2
And Now the News,2
Gherkin Returns / This Blows,2
Rough Guide To The World's Islands,2
Big Time Bad Boy,2
Huckleberry Finn (1975),2
Castles and Caves Part 1 and Part 2,2
Unnatural History,2
Doctor Zhivago (1965),2
The Little Prince (1974),2
Naughty Nautical Neighbours / Boating School,2
"Identity Crisis, Part 2",2
"Be Cool, Scooby Doo!",2
Talented Mr Peacock / Hiccup Hicdown in Balsatown,2
The Big Game / Get Your Skate On,2
Nature Pants / Opposite Day,2
Darkseid's Golden Trap,2
Alcatraz / Greyfriars Cemetary Poltergeist,2
Alamo Ghost / Hampton Court,2
Shag Harbor UFO Crash / Ilkley Moor Alien,2
OFF-AIR,2
Power Problems Part 1,2
Contract,2
The Spooktacular New Adventures of Casper,2
Beethoven's Big Break (2008),2
Tron (1982),2
Little Shop of Horrors (1986),2
Video Now Segment,2
Attack of The Clones,2
Magic Flute,2
Return To Boggy Creek (1977),2
The 7th Annual YTV Achievement Awards (1996),2
Manhattan Melodrama (1934),2
Fear of the Fire Beast!,2
Rudy (1993),2
What A Mess,2
The Saibamen Strike,2
Dogpound Shuffle (1974),2
Shadow Warriors,2
Wreck-It Ralph (2012),2
Toy Testers: Top 20 Toys,2
Oil Drums,2
iCarly Awards,2
YTVs Junior Jays TV Magazine,2
A Child Is Waiting (1963),2
Captain Power And The Soldiers Of The Future,2
Rough Guide to Great Journeys,2
Skunked! / Neighborhood Bird Watch,2
Secret World Of Alex Mack,2
Robin Hood's Greatest Adventures (1957),2
Alice Upside Down (2007),2
"Trapped in the Sky, Part 2",2
Annihilation: Earth!,2
Kings of the Con,2
Rich Kids (1979),2
"The Imposters, Part 2",2
Manlee Man,2
8-Bit of Trouble / The Founding Feathers,2
iWas a Pageant Girl,2
Pokemon BW: Adventures in Unova,2
Mazza - Puppy Party,2
Jeremy (1973),2
Meet Me in St. Louis (1944),2
Kagome Kidnapped By Koga,2
Squak Box,2
Tetsusaiga & Teneseiga,2
"Ready, Set, Calendar! / The Party Switcheroo",2
Super Duper Bunny League,2
Big Time Mansion,2
Big Time Party,2
Air Bud: Spikes Back (2003),2
Big Time Jobs,2
Mr. 1812,2
Matched,2
Big Time Dance,2
The Club,2
The Wand,2
Battle of the Babies / Norman,2
Doctor Who and the Daleks (1965),2
Long John Silver (1954),2
The Left Log,2
Christopher The Christmas Tree,2
"Race for Your Life, Charlie Brown (1977)",2
Superman,2
Soccer Shorz,2
The Best Years of Our Lives (1946) (Part 1 of 2),2
Alvin and the Chipmunks: Chipwrecked (2011),2
Lazy Sunday,2
Total Jeopardy!,2
Young Heroes,2
The Awakening,2
Enter Sango the Demon Slayer,2
Where Time Began (1978),2
Don’t You Fore-get About Me / Tough Cookies,2
The Nobody,2
The Parent Trap (1998),2
S.W.A.G is Haunted,2
Hello Kitty and Friends,2
Teacher's Pet,2
Bat Scouts,2
The Final Victor,2
Takeoff into Confusion,2
Collision in Space,2
Camp Kookalah,2
Record Book,2
Twisted,2
Spelling and Doorbelling,2
Say Cheese and Die!,2
Walk Away,2
Nickelodeon Kids Choice Awards 2015,2
The River Kings (1991) - Part 2 of 2,2
Bad Luck Bob / The Sandman Cometh,2
Big Sister Sam / Perfect Chemistry,2
14 Candles,2
No Trouble Atoll,2
Gigantic,2
Dead Comic's Society,2
Dear Alden,2
Accidents Will Happen / The Other Patty,2
The Adventures of the Magnificent Six and 1⁄2 (1988),2
Microsoft's .NET Show - Building Windows Apps,2
Microsoft's .NET Show - .Mobile Internet Toolkit,2
The Charlie Brown and Snoopy,2
Little House Years (1979),2
The Country Mouse & The City Mouse Adventures,2
Stowaways on the Ark (1988),2
Family Therapy,2
Unleashed,2
Rat In Shining Armor / Mrs. Gorf,2
Lights Out,2
Enchanted Tales: The Jungle King (1994),2
The Election,2
My Fair Madeline (2002),2
Mr. Marvelous,2
Megaframe,2
Mousetrap,2
Car Trouble,2
Number 7,2
Icons,2
Firewall,2
Good Sports / Geriantics,2
A Dog’s Journey (2019),2
The Wacky Watcher,2
Ice Age: Dawn of the Dinosaurs (2009),2
Music Lessons / A Todd and Bull Story,2
Original Idea,2
"Whose Life is it, Anyway?",2
My Hairiest Adventure,2
Kids Help Phone Benefit[Note 1],2
Dungeon Dice Monsters (Part 3),2
Dungeon Dice Monsters (Part 2),2
The Tale of the Final Wish,2
Genesis,2
Little-ol-lady-whoooo Has Talent,2
Present Tense / Any Given Sundae,2
The Friend,2
Trendship Never Ends,2
Cover Up (1995),2
Baby Think About It,2
Frenemies,2
iThink They Kissed,2
Cartoon Feud,2
Tall in the Saddle (1944),2
Clue (1985),2
Ghostbusters (1984),2
Tremors 2: Aftershocks (1996),2
Sabrina the Teenage Witch: Friends Forever! (2002),2
When in Rome,2
Wizard of Oz,2
Hamster Hoods,2
Beadtime Stories; Enchanted Lands; Happy Birthday,2
Stephen King's The Stand (1994),2
Teen Wolf Too (1987),2
Stephen King's The Stand,2
Imagine That (2009),2
Four Clowns (1970),2
Scooby-Doo: Return to Zombie Island (2019),2
PJs(tt),2
Skin Deep,2
Bee Movie (2008),2
Triangles,2
iFind Leberts Lost Love,2
Adventures of Huckleberry Finn (1985),2
"Ele, My Friend (1993)",2
Lorenza,2
Kurt Browning's Gotta Skate,2
Chain Reaction,2
Cheer Pressure / Stroke of Luck,2
Charlie's Christmas,2
Merry Christmas,2
Pride and Prejudice (1940),2
Night Before Christmas,2
The Console,2
20th Annual Juno Awards (1991),2
Rex Dies,2
Mermaid Man Begins / Plankton's Good Eye,2
Home Alone,2
Rights On,2
Judy and David's Boombox,2
For the Birds,2
The Land Before Time VIII: The Big Freeze (2001),2
Gulliver's Travels (2010),2
Little House: The Last Farewell (1984),2
All Dogs Go To Heaven,2
A Child Called Jesus (1988) - Part 2 of 2,2
Tutu Many Mistakes,2
"Nowhere to Fun, Nowhere to Hide / The Joy Chord",2
Snow Escape / Snow News Day,2
The Ripening / Maraca Rock,2
Willy and the Floyd,2
Rock'n Talk,2
The Move,2
(bullies),2
Séance,2
The Words,2
Aladdin and the Magic Lamp (1982),2
Inkheart (2008),2
I Downloaded a Ghost (2003),2
Calling All Creeps!,2
Aladdin and His Magic Lamp (1974),2
Trans Oceanic Magical Cruise,2
Creative Geniuses,2
The Apology,2
Medusa Bug,2
LEGO Jurassic Park: The Unofficial Retelling,2
DC,2
Ronnie and The Browns,2
NBF Canada On Film,2
Ronnie & The Browns,2
J.D. and the Salt Flat Kid (1978),2
Desert Heat,2
"Driven to Madness/The Beast from 20,000 Gallons",2
Microsoft's .NET Show - Building For Enterprise,2
The Great Patty Caper,2
The Death Of Superman,2
The Allergy,2
The Wild Cards,2
The Darkseid Deception,2
The Tale of the Super Specs,2
The Ghost Ship / The Bizarro Super Powers Team,2
"Hurl, Interrupted / Diamonds are for Never",2
YTV In Class / Cable in the Class,2
The Case of the Dreadful Dolls / The Royal Ruse,2
Island of the Dinosoids / Uncle Mxyzptlk,2
Krabby Land/The Camping Episode,2
Lil’ Dynomite,2
A Wicked Smile; Kikyo's Wandering Soul,2
Dofasco Carol Festival,2
Surprise-O-Tron / Dante the Entertainer,2
Manic Mom Day/Crocker of Gold,2
Naraku and Sesshomaru Join Forces,2
YTV In-Class: The Video,2
"Isolated in Cyber Space, Part 2",2
"Isolated in Cyber Space, Part 1",2
Down Goes Santa: Part I,2
Twig Tat / The Gnome,2
Macbeth / Salem Witches,2
The Law,2
Skyscraper Scrap / Balloon Salesman: Feeling Down / The Devil and the Deep Blue Sea,2
Season's Cheatings / A Flipmas Carol,2
Swan Lake,2
Kooky-Dough,2
The Stuff of Heroes,2
Charlie's Ghost Story (1995),2
Rebellion,2
Enchanted Tales: Treasure Island (1996),2
Blah Blah Blah with Boys,2
Tough Guide / Bye Bye Birthday,2
Myron Vs. Normy / Age Of Aquarium,2
Checking Out,2
Rain on Your Wedding Day,2
Have You Seen This Snail?,2
Buzz Off's Pride,2
Take That,2
Treasure Island (2002),2
Out of Step / Too Cool for School,2
Pokemon Master Quest,2
Free Willy 2: The Adventure Home (1995),2
Day of Reckoning (Part II),2
Time Kid (2002),2
Day of Reckoning (Part I),2
I Own the Racecourse (1986),2
Globehunters: An Around the World in 80 Days Adventure (2002),2
iAm Your Biggest Fan,2
Driving Miss Sharon,2
Leave No Van Behind / Sponsor Tripped,2
Greatest Challenge,2
Hot Wheels: Highway 35 – World Race,2
The Sneezing Horror/Prisoner of the Dark Dimension,2
Uncle Jokes,2
The Void,2
The Fraud,2
The Archies in Jugman (2002),2
"Meet the Pets / Oh, Great Leader",2
Under California Skies (1948),2
YTV's Family Christmas Concert,2
The Christmas Elves,2
The Haunted Mask II,2
The Innocents Abroad (1982),2
The Last Laugh / Driver’s Dread,2
3:45am,2
Tom Thumb Meets Thumbelina (1996),2
The Doctor Is In,2
Let's Go to the Movies!,2
The Three Friends & Jerry,2
The Makeover,2
Nanny McPhee (2007),2
Attention to Detail,2
Episode 5,2
Mascot Madness / He Is It,2
Miami Vice,2
The Pink Panther (2006),1
Born to Rock (2014),1
Mooncation/Mr. Krabs Takes a Vacation,1
Free Willy: Escape from Pirate's Cove (2009),1
The Real Deal,1
Arthur Christmas (2011),1
The Nest Hat Craze!,1
Jimmy Timmy Power Hour 2: When Nerds Collide! (2006),1
Cupid's Bow,1
The Swan Princess Christmas (2012),1
Season 7 Episode 5,1
Christmas Is Here Again (2007),1
Mr. TV,1
Abraham Stinkin / Box O’ Norm,1
The Smurfs,1
Chuck’s Choice,1
That’s Sal Folks! / Cloudy With a Chance of Clouds,1
Lincoln Loud: Girl Guru / Come Sale Away,1
The Quadfather,1
Back to School,1
The Deed,1
The Pink Panther in: A Pink Christmas (2011),1
Number Seven!/The Friend Who Wasn't There,1
Chicken Little (2000),1
Mr. Sci-Fi,1
iCan't Take It,1
Robots (2005),1
You Simmer Down,1
Girls vs. Boys Splatdown,1
Rise and Shine/Waiting/Fungus Among Us,1
Diary Of A Wimpy Kid (2010),1
Looking Back & Moving Ahead,1
Mr. Servant,1
Cover Girls / Save the Date,1
Toads and Tiaras / Two Boys and a Baby,1
The Good Dinosaur (2015),1
The Dog Who Saved the Holidays (2012),1
Along Came a Sister / Chore and Peace,1
The Butterfly Effect / The Green House,1
The Masterpiece / Whelk Attack,1
Flint Land / Your Dad Is My Dad,1
Doggy Door Afternoon,1
Mooncation / Mr. Krabs Takes a Vacation,1
Wallace & Gromit: The Curse of the Were-Rabbit (2005),1
Dental Damage,1
I Am Frankie,1
Out Of The Picture / Room With a Feud,1
Driven To Tears / Rule of Dumb,1
Lanes Of Glory / Why So Uptitan?,1
"Merry Christmas, Drake and Josh (2008)",1
Chrisbus with Boys,1
Megamind (2010) {Big Fun Movies '11}},1
Disarmed with Boys,1
Money Talks/SpongeBob vs. the Patty Gadget/Slimy Dancing,1
Pokémon: Mewtwo - Prologue to Awakening,1
Eloise Goes to School (2004),1
Pokémon the Movie: Genesect and the Legend Awakened (2013),1
Percy Jackson: Sea of Monsters(2013),1
Operation Ouch!,1
SpongeBob Meets the Strangler/Pranks a Lot,1
Snappo,1
Counterfeit Cat,1
Mr. Spin-Off,1
Mermaid Man and Barnacle Boy/Pickles,1
Mr. Finale,1
Kick the Can,1
My Dad Is Scrooge (2014),1
Jingle All the Way 2 (2014),1
You Bet Your Trousers,1
Haunted Thundermans,1
"I'm Gonna Look Like a Fool, and Not the Good Kind",1
Zathura (2005),1
The Weeping Woman,1
They Actually Call Me the Clone Ranger,1
Aligators Can't Prank Babysitters,1
Mr. Sleep,1
Mr. Slumber Party,1
Happy Clappy Monkey / Robot Rumble,1
Firehouse Dog (2007),1
Barbie & Her Sisters in a Pony Tale (2013),1
Some Assembly,1
Mr. Double Date,1
Summertime Blues,1
Mr. Love Letter,1
The Big Kiss Off with Boys,1
"Monsters, Inc (2001)",1
Hoodwinked Too! (2011),1
The Girl in the Painting,1
Sandy's Rocket/Squeaky Boots,1
So You Think Your Family Can Dance with Boys,1
The Golem,1
Hairy Ways / Calling all Cauldrons,1
Born Again Krabs/I Had an Accident,1
Creature Feature,1
Trust Fund,1
Tooth Fairy 2 (2012),1
What's So Scary About the Jungle? Everything!,1
Frankenflare / Charming Cheers,1
New Student Starfish/Clams,1
The Stalefish Double Flip,1
The Black Mash,1
Pool Shark,1
Catching Cold,1
Paying for It,1
The Perfect Brother,1
Zip Zoom Boom / Sheep Over Party,1
Fantastic Four: Rise of the Silver Surfer (2007),1
"It's Christmastime Again, Charlie Brown",1
Funhouse,1
Dr. Seuss' The Lorax(2012),1
Dr. Seuss' The Lorax,1
Yearbooked / Lost in Character,1
Orange is the New Gag,1
Kung Fu Panda: Legend of Awesomeness,1
Go Away Day / Incredi-Posse,1
Power Rangers: Mega Force,1
Driven Crazy with Boys,1
Kids Choice Awards,1
Monster House (2006),1
OFF-AIR (Daylight Savings Time),1
Madagascar 3: Europe's Most Wanted (2012),1
Red Eye,1
Lean Green Fighting Machine / Nutters Alamanc,1
Long Live Rock n' Roll,1
Hazel-Nuts / Charming Cookies,1
Coat Rack Cowboy,1
"Season 1, Episode 17",1
A Fairly Odd Summer (2014),1
Guilt Tripping,1
Wish Upon a Jar,1
Frankenweenie (2012),1
'Tis the Season to be Smurfy,1
Christopher the Christmas Tree,1
Frosty Returns,1
One Crazy Cruise (2015),1
Babies in Toyland,1
The Santa Experience,1
Its The Easter Beagle Charlie Brown (1974),1
The Dog Who Saved Halloween (2011) (1:45),1
Ice Age: The Meltdown (2006),1
The Dog Who Saved Christmas (2009),1
The Three Stooges (2012),1
Terrible Love,1
4Count Farming,1
Haunted Revenge,1
Haunted Telescope,1
Haunted Besties,1
Dilligan's Island/Enter the Kraken,1
Madigascar (2005),1
Just One Bite/The Bully,1
D.E.R.P/Intelligence Not Included,1
Diary of a Wimpy Kid: Rodrick Rules (2012),1
Ghostly Stare,1
Company Picnic / Pull Up a Barrel,1
My Imaginary Friend,1
Fear Never Knocks,1
Password,1
SB-129/Karate Choppers,1
The Pirates! Band of Misfits (2012),1
The Thundemans,1
Doogal (2005),1
Big Dogs & Bicycles,1
Four Supes and a Baby,1
Fashion No Show / Locket or Lose It,1
The Spiderwick Chronicles,1
Percy Jackson & the Olympians: The Lightning Thief,1
Percy Jackson & the Olympians: The Lightning Thief (2010),1
Kart Racer(2003),1
The Missing Lynx (2008),1
Sanjay & Craig,1
Icarly,1
Paid Progamming,1
Gnomes and Trolls: The Secret Chamber (2008),1
Air Bud (1997),1
America's Most Funniest Home Videos,1
Game Shaker,1
Scaredy Squrriel,1
"Creature Feature, Part 1",1
It's Not What You Link,1
Mall Time Crooks,1
Phoebe vs. Max: The Sequel,1
A Foot Too Big,1
Alien Candy,1
Up Chuck / You Snooze You Bruise,1
The Running of the Trolls / Superbest in Show,1
"Season 5, Episode 13",1
Jasper Danger,1
Master and the Panda,1
Jailbreak! / Evil Spatula,1
World's Funniest Videos: Top 10 Countdown,1
Invitation Only,1
The Peanuts Movie: YTV Close Up,1
Fancy Some Tea / Mr. Perfect Balsa,1
Charming Nightlights / Charming Babies,1
The Legend of the Kuro Kabuto,1
The Naughty List,1
Knockout,1
Home Alone 2 Lost in New York (1992),1
Air Bud World Pup (2000),1
Muppet Treasure Island (1996),1
Barbie: Mariposa and the Fairy Princess (2013),1
Hook (1990),1
Hitting the Brakes with Boys,1
Arthur and the Revenge of Maltazard (2009),1
Mr. College,1
Wendell and the Sleepover,1
Hoodwinked Too!(2011),1
11:34am,1
Bling-a-Ling Springs / Night Hooves,1
Donkey's Caroling Christmas-tacular (2010),1
Aisle of the Dead / Where the Stink At,1
Sing Song Pox / Tooth on the Loose,1
Tis the Season to Be Smurfy (1987),1
Pitch Purrfect,1
Cardboard Box,1
The 1080 Room Twist,1
"Nicky, Ricky Dicky, & Dawn",1
Dog Wave,1
A Friendly Game/Sentimental Sponge,1
The Chaperone/Employee of the Month,1
Teacher's Pet/Opossum Man,1
Toy Testers (2015),1
Maximum Dennis,1
Go Away Day / Scary Go Round,1
Neat Wits / Mall Rat,1
Little Shopping of Horrors/King of Links,1
Sky High Pranks,1
Laugh Quake,1
Band on the Run / Picture Perfect Posie,1
Long Live Rock and Roll,1
Spendthrifty,1
Scary-Go-Round / Awesomely Different Drum Major,1
High Octane Gags,1
Lovecraft's Woods,1
Cue Applause/Sell Out Show,1
The Luntstall Auction Flail,1
Do You Want Fleas with That?,1
Where the Wild Things Are (2009),1
Dinosaur Seen in Sewers!,1
Senior Day,1
You Bet Your Bunny,1
The Mighty Quad Squad,1
The Fourfold Trap,1
The Creeping Doom,1
Mr. Witness,1
Attack of the Mega Shredder!,1
Tale of the Yokai,1
Vengeance is Mine,1
My Dead Best Friend Forever,1
Squidward's School for Grown-Ups/Oral Report,1
"Oh Trevor, Where Art Thou?/XOX to Be You",1
L.M. Montgomery's Anne of Green Gables (2016),1
Shifu's Ex,1
Restraining SpongeBob/Fiasco!,1
iBloop,1
"SpongeBob, You're Fired",1
Treats!/For Here or to Go,1
Jaw Head / Store Wars,1
A Charming Mistake / A Charming Birthday Party,1
Game of Groans,1
Driving Mr. Buford/Who Put the Ding in Ding-a-Ling?,1
Rabbid Dreams/Snoring Rabbid/Hypno Rabbid,1
Pecking Rabbid/Rabbidmobile/Prisoner Rabbid,1
Super 8 (2011),1
Flight of the Rabbids/The Rabbid Who Fell to Earth/Holy Rabbid-Cow!,1
Bake It 'til You Make It,1
Return to Nim's Island (2013),1
The Top 6,1
Harriet the Spy: Blog Wars (2008),1
After The Ball,1
The Cup,1
"Ginormicat!/My Monster, My Master",1
The Mystery of Dr. Cutter/The Partymobile That Invaded Earth,1
Monsterous Holiday,1
The Original Fry Cook,1
Lemony Snicket's A Series Of Unfortunate Events (2004),1
SpongeBob LongPants/Larry's Gym,1
Krusty Towers,1
Mall Girl Pearl/Two Thumbs Down,1
How to Train Your Dragon: Legend of the Boneknapper Dragon (2010),1
Man With a Plan,1
Something Smells/Bossy Boots,1
The Free-riding Family Mashup,1
Slash and Destroy,1
Target: April O'Neil,1
Mikey Gets Shellacne,1
Grandpa's Glasses,1
I Think Therefore I Clean / Soup of a Nova,1
Mutagen Man Unleashed,1
Invasion of the Squirrelanoids,1
Follow the Leader,1
The Tale of Despereaux (2003),1
Nothing But the Tooth / From Rodent with Love,1
iFence,1
Haunted Sleepover,1
Haunted Science Fair,1
iGet Pranky,1
Music Videos!,1
Haunted Volleyball,1
Co-Lab-O-Ra-Tion,1
The Max Air Maxcot Method,1
The Funhouse,1
Breaking Badge/The Wind Beneath My Wig,1
Suburgatory,1
Shellback Shenanigans/Hide and Then What Happens?,1
Squid's Day Off,1
You Don't Know Sponge/Tunnel of Glove,1
Frozen Face Off,1
Nickelodeon's Ho-Ho Holiday Special,1
B.O.B.'s Big Break (2009),1
Two Peas in a Podcast,1
Karate Choppers,1
"The Boss of Me / He Poofs, He Scores!",1
The Flight Before Christmas (2008),1
Pickles,1
Pizza Delivery,1
The Freeriding Family Mashup,1
"iPsycho, Part 1",1
Mr. Elf,1
Winter Wonder Wha…?,1
Extra Special Delivery,1
Alvin and the Chipmunks: The Squeakquel (2009),1
A Year Without Santa Claus (1970),1
Digimon Fusion,1
Patty Caper/Plankton's Regular,1
"20,000 Patties Under the Sea/The Battle of Bikini Bottom",1
New Digs/Krabs à la Mode,1
Monsters vs. Aliens: Night of the Living Carrots (2011),1
Toy Story of Terror (2013),1
All That Glitters/Wishing You Well,1
Fear of a Krabby Patty,1
Corpse Bride (2007),1
Krusty Krab Training Video,1
Nasty Patty,1
The Fry Cook Games,1
Graveyard Shift,1
Dead Bodies,1
Megamind: The Button of Doom (2011),1
Night of the Living Carrots (2011),1
Shrek 4-D: The Ghost of Lord Farquaad (2003),1
Scooby-Doo 2: Monsters Unleashed (2004),1
Bossy Boots,1
Spy Kids 3: Game Over (2003),1
Buried in Time/Enchanted Tiki Dreams,1
An American Girl: Saige Paints the Sky (2013),1
Kevin Can Wait,1
The Odd Life of Timothy Green (2012),1
The Duckfooted Dreadful Date,1
The Most Evil Sorcerer,1
Three Alarm Flyer / Driving Miss Davey,1
Fist Full of Quarters / Pranks for Nothing,1
Zathura (2005) (1:45),1
Soccer Mom (2008),1
The Rock and Roll Rodeo 540,1
A Film by Dale Squires,1
If the Shoe Fits,1
Best Friend Forever,1
Dreamcatcher,1
Scorpion's Sting,1
Crane on a Wire,1
Huge,1
Tough Love / Iceman Dumbeth,1
Thera's Awesome Date with Destiny / Erik the Biking,1
Pineapple Fever / Chum Caverns,1
My Last Dolly,1
Mrs. Worthington,1
Qilin Time,1
Tooth Fairy,1
Dr. Seuss' Horton Hears A Who! (2008),1
Arrgh!/Rock Bottom,1
Free Birds (2013),1
Step Dogs (2013),1
Fred 2: Night of the Living Fred (2011),1
Acbracagrandma / Momma Lisa Smile,1
Charming Chatterbox / Cluck Stars,1
"Teenage Mutant Ninja
Turtles",1
The Two Faces of Squidward/SpongeHenge,1
The Blue Elephant (2006),1
Mascot,1
The Perfect Layback Life,1
Mr. Elephant,1
The Hole,1
Day of the Strackal / The Dave n Dave,1
Brush with Madness,1
Haunted Newbie,1
Uncharmed Life / Pest Friends Forever,1
Flight,1
Mr. Troop Mom (2009),1
The School of Rock (2003),1
The Great Ping-Pong Scam,1
Perfect Pickle / Goat Police,1
Paddle Dogs / Looking for Richard,1
Superman Returns (2006),1
YTV Summer Beach Bash (2014),1
Everyball,1
Gizmospinatron,1
Dr. KnickKnack's Medical Bag,1
Realm of Raiders,1
Epic (2013),1
Squid's Visit / To SquarePants or Not to SquarePants?,1
Teen Choice Awards 2016,1
The Next Star: Supergroup,1
Music Video: 4Count - Epic,1
Alligators and Handbags,1
Kids' Choice Countdown 2014,1
SuperGroup Lockdown,1
Power Rangers: Super Megaforce,1
SpogeBob SquarePants,1
Episode 73,1
Aisle Of The Dead / Where The Stink At,1
Ramona & Beezus (2010),1
2:17pm,1
Live Finale,1
Matilda,1
Curious George (2006),1
The Birthweek Song,1
So Interesting,1
Alvin and the Chipmunks: The Squeakquel (2009) (2:15),1
Ghostbusters II (1989)  (continued from 10:15pm),1
Cats And Dogs: Revenge Of Kitty Galore (2010),1
What's in the Batter?,1
A New Squid in Town!/Wish Fixers,1
Room on the Broom (2012),1
Eloise's Rawther Unusual Halloween (2006),1
A is for Awesome,1
Hard Copy/Parent Hoods,1
Bride of Po,1
No Hat For Pat / Toy Store of Doom,1
The Secret Museum of Kung Fu,1
Royal Pain,1
Cloudy With A Chance Of Meatballs (2009),1
Night of the Mummy,1
Monster vs. Aliens: Mutant Pumpkins from Outer Space (2009),1
Uncharted Territory,1
What's Poppin',1
Big Brother Dante / Art Breaker,1
The Loss,1
Special Training Time!,1
"Quaxly, We Can Do It!",1
Baby You Stink,1
Home Punch Home,1
The Sky Torcher,1
Hot Takes,1
Don't Make Me Laugh / Hair-aldine: The Musical,1
Girlie Boys,1
Cave New World,1
Get Out of Dodgeball,1
It Flies in the Family,1
Deliver Us From Viola,1
Shiny Diamond / Flyer's Ed,1
Snack of Dawn,1
The Night Lights (Part 2),1
Stop the Presses / R&B Are on It,1
The Return,1
The New Jonesy,1
Game of Crows,1
McCloud vs. Machine,1
The Decoy,1
Sleepover Showdown,1
BPF / Follicle Fitness,1
Chocolate With Nuts / Mermaid Man & Barnacle Boy V,1
Nickelodeon Kids' Choice Awards 2024,1
Misguided,1
Kabu's Battle Training!,1
The Bittersweet Truth,1
Phil Pickle,1
The Other Man With Better Plans,1
Secrets,1
The Wedding Destroyers,1
Eep Walking,1
Face the Music With the Casagrandes / Pranks for the Memories With the Casagrandes,1
Downpour,1
Power Play With the Casagrandes / Room for Improvement With the Casagrandes,1
Swing Vote,1
Top Chef: Family Tree,1
Be True to Your Elf / Sideways Protest,1
The Battle For Swellview (Part 1),1
No Louds Allowed,1
Model Behavior,1
Rat in Shining Armor / Mrs. Gorf,1
Losing Your Lemon,1
The Princess and the Everlasting Emerald: A Royal Woods Fairytale - Part 1,1
Best Friendzzz / Kindergarten King,1
Lori Days; In the Mick of Time,1
A Crime of Fashion,1
Poco vs. Rainbow,1
Loud Family Court: The Flames of Justice,1
Empty Fireworm Nest,1
Best Friends For-Never,1
Cooking Up Troubl,1
Welcome to Jurassic World,1
Dirty Work,1
Joy Story,1
Fire Escape,1
"So Fresh, So Clean",1
"Dance, Party!",1
Jonesy's Low Mojo,1
Skate or Dawn,1
Some Buddy to Love,1
Follow the Lightning (Part 1),1
Wilson vs. Wilson,1
Outtakes,1
FarmerBob / Gary and Spot,1
The Stanley Crush,1
Kreepaway Kamp (Part 2),1
The Blood Awakening (Part 2),1
Robo Stomp / Wood You?,1
Tango Tangle / Necro-Nom-Nom-Nom-i-con,1
Pie Hard,1
We ♥ Hoops / SpongeChovy,1
Director's Rut / Friday Night Fights,1
Where in the World Is Sheep Wheeler?,1
LEGO: City Adventures,1
Mustard O’ Mine / Shopping List,1
Bubbletown / Girls’ Night Out,1
Call the Cops / Surf N’ Turf,1
The Big Shine,1
Chapter 2,1
The Recipe,1
The Stanley Tournament,1
InTODDnito / Weather or Not,1
Be Careful What You Fish For,1
An Inspector Falls / One in a Million,1
Out of the Pack,1
The Smurfs 2 (2013) (continued from yesterday),1
No Charm No Foul,1
The Stanley Crown,1
The Stanley BFF,1
Annie,1
Rock-A-Bye Besty / Shake or Break,1
The Lego Batman Movie (2017) (continued from yesterday),1
The Stanley Spy,1
Max & the Midknights,1
The Krusty Bucket / Squid's On A Bus,1
Transformers: Earthsoark,1
How Double Dare You! / Snoop's On,1
How the Rent-a-Cop Stole Christmas,1
The Wonderful Wizard of Mapleview: Part 1,1
Wheel and Deal / Feast or Family,1
Escape From Isla Nublar,1
Dragon Club,1
The Long Run,1
The Sacrifice (Part 2),1
Good Sports / Geri-Antics,1
Another Day at the Office,1
Hwam I Am,1
Little Sisters' Big Adventure,1
Bubbled In / The Fastest Draw in the West,1
The One With the Cold Sore,1
The Descent,1
Prank'd,1
Personality Test,1
Geek Girl,1
Prickly Pests,1
Guy Time,1
First Flight: Part 2,1
Live Slaver,1
What Liars Beneath,1
Hobs and Saw,1
A Life Less Score-dinary / the Trolls-a-Thon,1
FarmerBob / Gary &amp / Spot,1
Mr. & Mrs. Perfect,1
All Pets Are Off,1
Stuck ToGuyther,1
Nice Guys Finish First,1
Uniconned,1
Dancing With the Sons,1
Toopy and Binoo: The Movie (2023),1
Stay on Mission,1
Clonesy,1
Some Buddy To Love,1
Dylan & Charlie’s Day Off,1
Fashion Truck,1
What I Did For Love,1
"Delivery to Monster Island / Ride, Patrick, Ride",1
History Has Its Eyes On You,1
Slow Mo Mo / Joe 'n Fro,1
Say ‘Awww!’ / Patrick the Mailman,1
Don't Escargot / Double Trouble,1
The Spooky Files,1
Pilot,1
Making Room For Izzy,1
Extracurricular Ridicular / Sideways Christmas,1
Idol Time At The Mall,1
My Art Will Go On,1
Band Together / Blinded By Science,1
Love and Detention,1
Up In Smoke,1
Oh Me Corazon,1
The Chore Thing,1
Aliens,1
The Look Of Daniel (Part 2),1
I Dreamed a Dream,1
Love Birds / Rocket Men,1
The Khaki Girl,1
The Really Loud Hous,1
The Gift Grift,1
"Meet The Pets / Oh, Great Leader",1
The Tutor,1
"Today For You, Tomorrow For Me",1
Put a Ring On It,1
Defying Gravity - Part I,1
Miss Fortune / The Note,1
Put A Ring On It,1
Never Had A Friend Like Me,1
A Lime to Party,1
Child’s Play / Force of Habits,1
The Worst First Date Ever. Period.,1
Journey To The Past,1
Smells Like Tween Spirit,1
I Wanna Hold Your Hand,1
Really? It's Over?,1
The Bunker Sitter / Domin-Uh-Ohs,1
Giggles & Tiaras!,1
The Night Pig / Twigula,1
Are You Afraid of the Dork?,1
The Ho! Ho! Horror! / Outhouse Outrage,1
Dance Plants / Mini Mini Golf,1
Sticky Business,1
The Loudest Mission: Relative Chaos,1
Two First Dates,1
Under the Influence,1
What’d I Miss?,1
DreamWorks Dragons: Nine Realms,1
Dana Checks Out / My Biggest Fan,1
Kid Food Nation in Partnership with PC Children’s Charity,1
Home Is Where The Hero Is,1
Popular,1
Looking For Love And a Hat,1
You Can’t Stop The Beat,1
The Look Of Daniel,1
Suffering the Flings and Arrows!,1
It’s All in the Name!,1
The Winding Path to Greatness!,1
Pokémon: Ultimate Journeys,1
Balm Squad,1
The Treehouse That Punky Built,1
Unhappy Anniversary,1
Swimming With Barks,1
Between a Roach and a Hard Place,1
Honors Class / Cabbage My Boy,1
"Delivery to Monster Island / Ride Patrick, Ride",1
Fish and Make Up,1
The Worst Date Ever... Peroid,1
Dylan's Villain,1
Upside Down John / The Final Stretch,1
Myth of Nick / Dr. Dana,1
Deadbeat Poets Society,1
See You at the Cottage,1
Prides-maids,1
Who's the Boss,1
Leap of Faith,1
Crossing A Bridge,1
Lights! Camera! Ego!,1
"Honors Class / Cabbage, My Boy",1
Major Unfaithfulness,1
Slow Mo Mo / Joe 'n' Fro,1
Distant Blue Sky!,1
The Rainbow and the Pokémon Master!,1
Ash and Latios!,1
Welcome to the Darth Side,1
Ro-Bro,1
Be True To Your Elf / Sideways Protest,1
My Partner Gets All the Credit / Daring Love,1
Skate Expectations,1
A Real Puppy,1
"No Camping, No Problem",1
The Battle for Swellview (Part 2),1
Rescuers All Over,1
Shiloh's Choice,1
Face the Music with the Casagrandes / Pranks for the Memories with the Casagrandes,1
Excess Baggage,1
Golds - Heartfelt Rescue,1
Poor Richard,1
Just Quacks,1
Enter the Dragon,1
The Snow Day Variety Method,1
The Macho Man With the Plan,1
Identity Crisis,1
The Chi Ones,1
Band Blast Off,1
"Heart, Courage, Brains",1
"Game, Set-Up and Match",1
Music Lessons / A Todd And Bull Story,1
Cecil B. Delusioned,1
Remember When,1
On the Hunt for Fun,1
Get on the Bus!,1
Boo Dude!,1
The Academic Bowl Chong Problem,1
Last Friend Standing,1
All About Sharon,1
Principal Party Pooper,1
Potato Power,1
My Way or the Highway,1
The Last Laugh / Driver's Dread,1
The Domino Effect,1
Act Your Age,1
"Oh, Brother / Snow Day",1
"It's Always Courtney, Courtney, Courtney!",1
The Half-Cab Robot Baby Bonk,1
The Tennessee Surprise: Love is in the Air,1
Clean Slate,1
Stoop - Tom Finds A Friend,1
A Corsage with Your Sabotage,1
The Party,1
Teen Titans Roar!,1
TV Knight 4,1
Booty Eggs,1
Flint TV; Spa Daze,1
Sardinee Babies; Party Tron,1
The Revolt,1
The Factory,1
The Wish,1
The Silence,1
The Master,1
The Buddy,1
Timmy Rockgood /Swallow Fails,1
The Bait,1
Sardine: The Movie / The Boy Who Cried Robot,1
The Swamp,1
Mallard Practice / Beaky Buzzard: Mouse / Born To Be Wile E.,1
The Case of Porky's Pants / Fully Vetted,1
Two Bumble Bees and a Wasp,1
Beast Man,1
Multiple Trick Pony,1
Rocks and Water,1
Auto Birdy Shop / Daffy Traffic Cop Stop: Phone Booth / Eyes Wide Fudd,1
LEGO Scooby-Doo: Haunted Hollywood (2016),1
A Run Cycle Through Time!,1
A Year Without Creepmas,1
Now You See Him / Major Science,1
Lego DC Batman: Family Matters (2019),1
The Saint,1
Bookyman,1
"Azarath, Metrion Bookstore",1
Utility Belt,1
The Puppy,1
The Scoop,1
Sea Of Stars Part 2,1
Chicken in the Cradle / Kabooms: Part 2,1
Beast Girl / Bro-Pocalypse,1
The Pact / The Faith,1
BBCYFSHIPBDAY / Thanksgetting,1
I Gotta Piñata,1
Space Jam,1
The Father,1
The Vegging,1
Lication,1
The Deal,1
The Worst,1
The Best,1
The Nuisance,1
To the Wolves,1
Ice Cold,1
The Fight / Genie President,1
The Signal / The Puppets,1
The Puppets,1
Beetlejuice,1
The Music Made Me Do It,1
The Blood Awakening Part 2,1
The Gourmet,1
The Wrinkle,1
The Gut,1
Sam's Imaginary Friend / Hands Up,1
Overnight Trip,1
The Mirror,1
Lemony Snicket's A Series of Unfortunate Events,1
Hotel Transylvania,1
The Founder,1
The Parents,1
The Awareness,1
Self-Defense,1
Coach of the Year,1
Swimming with Barks,1
Teacher Conference,1
Gerry Gets Gym,1
Food Drive,1
Gerry's Kid,1
President Jimmy,1
Old School,1
Parent Teacher Night,1
Bucket List,1
Egg Hunt,1
Ghost in the Mystery Machine,1
Body Swap,1
Craig of the Creek,1
Cheese for Breakfast,1
Teen Titans Go,1
Feline Lucky / Prickly Pair,1
Grandma Voice,1
Dreams,1
The Triangle,1
The Egg,1
Weather with You,1
Be Still My Noisy Mind,1
Elasti-Bot,1
Trading Chases,1
Caveman on the Half Pipe!,1
Ballerina (2016),1
The Butts,1
The Night Begins to Shine 2: Chapter 4,1
Re-Tired of Marking,1
Mafia Dad,1
Gerry Runs a Sweat Shop,1
Gerry's Redemption,1
Little Elvis,1
Ring Master Disaster / Put the Cat Out: Eyeball / Pain Event,1
The Parasite,1
The Wicked,1
The Uploads,1
The Romantic,1
Pardon the Garden / Put the Cat Out: Flat on the Door / Downward Duck,1
Worst in Show,1
Emotional Support Duck / End of the Leash Gags: Tennis / Adopt Me!,1
Jurassic World: Chaos Theory,1
The Roast,1
The Punishment,1
The Diary,1
Operation Dude Rescue: Part 2,1
Operation Dude Rescue: Part 1,1
Teen Titans GO! See Space Jam (2021),1
LEGO DC: Batman Family Matters (2019),1
Rio 2 [2014],1
Rio [2011],1
Fight or Filght,1
Boss Level,1
Tenta Flakes,1
Lil' Dimples,1
The Box,1
The Stars,1
Bravest Warriors,1
The Metric System vs. Freedom,1
I Used to Be a Peoples,1
Show Me The Buddy / No Sleep 'Till,1
Gone Gaga / Like Supervilllan Like Son,1
Pool Side Pest; Put the Cat Out: Inside Out; Bulls-eye Bunny,1
"Be Cold, Scooby Doo",1
"Be Cool, Scooby Doo",1
The Real Orangins!,1
Go Fish (2019)  (continued from yesterday at 10:30pm),1
Lobsters & Farts,1
Ghostboy,1
Sock It to 'Em,1
Hunn-cut Gems; Can't Lynn Em All,1
Animal Hearts; Beast & Beaster,1
Squidferatu; Slappy Daze,1
Jolly Lodgers; Biddy Sitting,1
Say 'Awww!'; Patrick the Mailman,1
Food PBBFT! Truck; Upturn Girls,1
That's so Cupid: Buddy Odour,1
Chess-a-pult / Smart & Smarter,1
Rumors and Roommates,1
"Dance, Quaxly! The Blue Medali Step!",1
Food Fit for a Kingambit!,1
The Terapagos I Don't Know,1
Rock-a-Bye Besty / Shake or Break,1
"Reverse Is Your Friend, Bruh!",1
Rock and A Hard Place,1
Local Programming,1
The Fridge,1
Infiltrating the System! Naranja Academy in Danger!,1
Liko and Amethio,1
The Approaching Shadow!,1
The Algae's Always Greener / Spongeguard on Duty,1
Rock Bands & Gnomes,1
Dreamers in Tune,1
Creepy & Crawly,1
Nickelodeon Kids' Choice Awards 2025,1
Ping Pong & Infomercials,1
Freaks and Cliques,1
The Gi / The Kiss,1
Scooby-Doo! & Batman: The Brave and the Bold (2018) (Premiere!),1
Pop Stars & Egyptians,1
The Tree Amigonauts,1
Spot Returns/The Check-Up,1
Webs' Master,1
Arrival,1
Dolittle (2020) (continued from yesterday),1
Last Hope; Part 2,1
The Getaway/Lost and Found,1
The Stanley Astronaut,1
"Close Encounters of the Nerd Kind, Part 2",1
Beetlejuice (1989),1
The Weakest Ink / Sales Forced,1
Krab Borg!/  Rock-a-Bye Bivalve,1
Kara-less Whisper / Dollars and Scents,1
Steeling Thunder / Be Careful What You Fish For,1
Clean Break,1
The Battle of Witwicky,1
The Forever Turn,1
That Sinkhole Feeling / Like A Brother,1
Sing 2 (2021) (continued from yesterday),1
Jet's B Team,1
The Stanley Heist,1
Deep Freeze,1
Defying Gravity,1
Blinded By Science / Band Together,1
The Butterfly Effect,1
Biscuit Ballyhoo / Student Driver Survivor,1
Danger Looms!,1
UpWard / Unidentified Flailing Octopus,1
Tales of Teenage Mutant Ninja Turtles,1
The Stanley Games,1
"Kreepaway Kamp, Part 2",1
Spring Fling,1
Appetite for Deception,1
In Ruins,1
The Spoon,1
The Quest,1
Books,1
Burger vs. Burrito,1
Job Opportunity,1
Inventors Only / Clock-A-Doodle-Doom,1
Very Berry Sodaberry,1
And the Winner Is... / Princess Kittymittens,1
The Oracle / The Safety,1
The Man,1
The Bros,1
The Burden,1
"The Wonderful Wizard of Mapleview, Part 2",1
Scaredy Squrrel,1
Best Buddies,1
The Procrastinators / The Shell,1
Doomsday Preppers,1
The Astrological,1
Part 3,1
A Doom Patrol Thanksgiving Part 2,1
A Doom Patrol Thanksgiving Part 1,1
The Potato,1
The Ollie,1
The Vase,1
Late Shift,1
Memories of a Mermicorno,1
Wynaut? Wy-Yes!,1
The Wonders of the World!,1
The Three Explorers,1
The Job,1
The Phone,1
The Banana,1
Brain Food,1
Ballerina,1
Campfire!,1
Snot and Tears,1
Nash & Carr,1
"Stockton, CA!",1
Collect Them All,1
Inside Out,1
The Emoji Movie (2017,1
The Dream / The Sidekick,1
My Name is Jose,1
Music to my Fears / Fluff and Foiled,1
The Authority / The Virus,1
The Self-Indulgent 200th Episode Spectacular (Part 1),1
Throne of Bones,1
Career Day,1
All We Need,1
Mission Yeti (2017)  (started from 10:30pm yesterday),1
Mission Yeti (2017)  (continues until 12:30am tomorrow),1
What a Boy Wonders,1
The Law / The Allergy,1
Where Exactly on the Globe Is Carl Sanpedro? - Part 4,1
Where Exactly on the Globe Is Carl Sanpedro? - Part 3,1
Where Exactly on the Globe Is Carl Sanpedro? - Part 2,1
The String (standalone),1
Vampire Dog (2012) (continued from yesterday),1
The Finale,1
The World,1
The Plan,1
We're Off to Get Awards,1
The Titans Go Casual,1
Shrek 2 (2002),1
The Tape,1
The Sweaters,1
The Boombox,1
What We Learned at Camp,1
Cuddle E. Hugs/Pat the Horse,1
The Aristocats (1970),1
"Season 2, Episode 37",1
Turning the Other Mask!,1
A Plethora of Pikachu!,1
Securing the Future!,1
Pokémon Sun and Moon: Ultra Adventures,1
"Monkey Me, Monkey You / Best Invention Ever",1
Einstein's Moustache / Power Struggle,1
Quest of the Vexed,1
Abraquadabra,1
S2E39,1
The Nightmare Before Christmas (1993),1
Zootopia (2016),1
Lip Sync Battle Shorties,1
Megatron is My Hero,1
Birds of Paradise (2010),1
Cars 3 (2017),1
"Just Kidding, s3 - 44",1
Beverly Hills Chihuahua 2 (2011),1
Beverly Hills Chihuahua (2008),1
"Smarten Up, Unicorn! / Go Away, Corné!",1
The Place Beyond the Porcupines / What About Winky?,1
This Little Piggy Went to the Harpers,1
Just Knitting,1
The Camping Trip,1
WALL-E (2008),1
Cousins for Life,1
Project Loud House/In Tents Debates,1
Raindrop Rabbit,1
"Swap 'Til You Drop, Unicorn!/Grow Up, Unicorn!",1
The Inventor's Code/Baby Baby Brent,1
Children of the Sweetcorn/Chuck It Forward,1
Pasture Bedtime/Shop Girl,1
The Pumpkin Whisperers/Zhuper Zhide Kicks,1
"The Good, the Bad, and the UD",1
Joey in Da House!/Art Attack,1
The Loudest Yard/Raw Deal,1
Roughin' It/The Waiting Game,1
It Came from Goo Lagoon,1
Meet the Robinsons (2007),1
S2E30,1
The Everything Wash,1
Deal Me Out/Friendzy,1
Pig Hero Fix/So Wrong It's Right,1
The Dentalist/Maid in Cedar Hills,1
Future Tense/Lynner Takes All,1
Are You Happy Now?/Planet of the Jellyfish,1
S2E28,1
ARGGH! You For Real? / Garage Banned,1
Al Be Back,1
Bawk to the Future/Hairy Christmas,1
Teachers' Union/Head Poet's Anxiety,1
Fandom Pains/Rita Her Rights,1
S2E29,1
The Mole,1
Big Hero 6 (2014),1
Smarten Up Chuck/Ultimate Chuck,1
Show Me the Buddy/No Sleep Till,1
Back Out There/Spell It Out,1
Out of the Picture/Room with a Feud,1
Family Matters,1
Santa Paws 2: The Santa Pups (2012),1
Autobiography,1
Bolt (2008),1
War and Pizza,1
Donnie's Gifts,1
iStart a Fan War Part 2,1
iStart a Fan War Part 1,1
Kid Food Nation,1
#BrainCrush,1
The Killer Tuna Jump: Part 2,1
The Killer Tuna Jump: Part 1,1
"Tears Are Not Enough, Part 1",1
The Fate of Danger: Part I,1
Thumb War Pt2,1
"3, 2, 1",1
Overnight Success / Ties that Bind,1
Indestructible Henry: Part 1,1
Henry's Jelly,1
Fight For Your Right,1
Patty Caper / Planktons Regular,1
The Spooky One,1
Relax,1
Wheel & Deal / Feast or Family,1
The Barbarian and the Troll,1
Pasture Bedtime / Shop Girl,1
#TextingCompetition,1
#ToddlerClimbing,1
#GoomerSitting,1
The Good Witch V: The Good Witch's Charm (2012),1
Give 'Em a Hand,1
Ghost in the Machine (Part 2),1
Let's Make a Steal,1
My Phony Valentine,1
Absent Minded / Be Stella My Heart,1
Thank Hank,1
The Fishbowl / Married to Money,1
The Lorax (2012),1
Your Shoes Untied / Squids Day Off,1
Born in China (2016),1
Reboot: The Guardian Code,1
Perry Jackson & the Olympians: The Lightning Thief (2010),1
Handle with Car,1
"And Stretttttttch, Unicorn!",1
My Pop is Tops / Clone Alone,1
Balloons of Doom,1
A Brief Case of Popularity,1
"Just Kidding, S3 - 47",1
Joy Buzzer,1
1119,1
Jailbreak!,1
Swamp Mates/One Trick Sponge,1
No Pictures Please/Stuck on the Roof,1
The Hankering,1
A Cabin in the Kelp,1
The Ghost of Plankton,1
Squidwards School For Grown Ups / Oral Report,1
Project Loud House / In Tents Debate,1
#KnockOut,1
#FirstClassProblems,1
#DroneBabyDrone,1
Venus (Part 1),1
Day 76,1
The Astronauts,1
Basketball Diaries,1
Captain Man: On Vacation,1
Henry & The Woodpeckers,1
"One Henry, Three Girls (Part 2)",1
KID FOOD NATION IN PARTNERSHIP WITH PC CHILDREN’S CHARITY,1
Sand Castles in the Sand / Shell Shocked,1
Back to the Past / The Bad Guy Club for Villains,1
Power Players,1
Cubs & Robbers,1
Barbie: Princess Adventure (2020),1
One of the Boys/A Tattler's Tale,1
House Music/A Novel Idea,1
Sandy's Nutmare/Bulletin Board,1
Odd Quad Out,1
The Stanley Luck,1
Potty Mouth / L is for Love,1
A Girl and Her Glumlump,1
Gotta Piñata / Your Fish Is My Command,1
Ball in a Day's Work / How Zhu Get Ahead in Advertising,1
Action Jacket-son / Spirit of the Ce(dar)son,1
Comet and Get It / How to Restrain Your Dragon,1
Zhuper Girl In a Jam / Pollylocks and the 4 Zhus,1
Ball in a Day's Work / How Zhu Get Ahead In Advertising,1
Mission: Un-Quaddable,1
The Pimple / Seafood Surprise,1
YOCO,1
Selfie Improvement / No Place Like Homeschool,1
City Slickers / Fool Me Twice,1
And the Winner Is... / Bacon Girl,1
Percy Jackson and the Olympians: The Lightning Thief,1
Working Out,1
Brrrzooka,1
Junior Fish Gutter,1
Muppets Most Wanted (2014),1
Pineapple Invasion/Salsa Imbecilicus,1
Through My Enemy's Eyes,1
Fool's Paradise/Job Insecurity,1
Pulp Friction/Pets Peeved,1
"Eek, an Urchin!/Squid Defense",1
The Great Mullet Caper,1
Tyrel Leaves,1
ARGGH! You for Real?/Garage Banned,1
Lynn-er Takes All/Future Tense,1
"Cloudy with a Chance of
Meatballs",1
The Wrong Stuff / Chunklette's Web,1
"Tree's Company / Tim, Jim and Kim",1
Kick the Bucket List / Party Down,1
Three Mena and a Mae B.,1
Ricky Van Felt,1
If I Had Wings (2013),1
Not-So-Sweet Charity,1
Toads and Tiaras / Two Boys and a Babyy,1
Flint TV / Spa Daze,1
If Wishes Were Rainbows / Deja Zhu,1
Show Me the Buddy / No Sleep Till,1
A Total Bust-a-Move / Grand Zhu Zhu Pets Hotel,1
If Wishes Were Rainbows / Deja Zu,1
Quaddy-shack,1
Garageys,1
Flyrates,1
Presto Pack,1
Ratbirds and Cheesyworms / Junk in the Trunk,1
Ex Mishina / Veggie Tails,1
"Back Off, Borkie / Who's on Cursed?",1
Zhu Got Game / And the Hammy Goes To,1
Mayornormal Activity / Flintenstein,1
The Loudest Yard / Raw Deal,1
"Nicky, Ricky, Dicky & Sicky",1
An Eye for an Eye,1
Coat of Harms / Earl of My Dreams,1
Abraham Stinkin' / Box O' Norm,1
My Pop Is Tops / Clone Alone,1
No Such Luck / Frog Wild,1
Bark Ranger (2015),1
The Quadshank Redemption,1
How to Train a Mysticon,1
Live and Let Diary / Rainbow Tim,1
Pig Hero Fix / So Wrong It's Right,1
Urban Legend Outfitters,1
Home,1
S3E48,1
Baby Steps / Brawl in the Family,1
Comet and Get It / How to Restrain your Dragon,1
"No Pain, No Dwayne / Shell Raisers",1
Study Muffin / Homespun,1
Teacher's Union / Head Poet's Anxiety,1
Cover Girls/Save the Date,1
Big Sister Sam/Perfect Chemistry,1
"For Bros About to Rock/It's a Loud, Loud, Loud, Loud House",1
Sanctuary/What's Eating Patrick,1
"Snowflake, the White Gorilla (2011)",1
Rufus 2 (2017),1
Resurrection,1
The Butterfly Effect/The Green House,1
Hand-Me-Downer/Sleuth or Consequences,1
Karen 2.0 / Inspongeiac,1
Home Run Hamsters / Chip Off The Old Chunk,1
Show Me The Buddy / No Sleep Till,1
Are You Happy Now / Planet of the Jellyfish,1
Back Out There / Spell it Out,1
Harpers for President,1
S3E52,1
Zhu Land,1
Joey in da House! / Art Attack,1
"In Space, Norman Can Hear You Scream / Area Fifty-Tree",1
Do It All Dawn,1
Night at the Museum 3 (2014),1
Lock 'N Loud / The Whole Picture,1
Zhuper Girl In A Jam / Pollylocks and the 4 Zhus,1
The Dark Dingo and Possum Pete / Flush Hour Two,1
We've Got Spirit / Cedar Hills' Most Wanted,1
Making the Grade / Vantastic Voyage,1
Smarten Up Chuck / Ultimate Chuck,1
The Foz Who Saves Lotus Night,1
"The Good, the Bad and the UD",1
Cloudy with a Change of Meatballs,1
Tripped!,1
"Nicky, Ricky, Dicky & BewDance",1
Dr. Seuss' Horton Hears a Who! (2008) (started at 11:00pm),1
Seuss' Horton Hears a Who! (continues until 00:59),1
Toddler Invasion,1
Saturday Night Lies,1
Derby Dogs,1
Sea Level,1
Ruff Rider,1
Tricked!,1
Spin the Bottles / There's a Sponge in My Soup,1
Adventures of Kid Danger,1
Left in the Dark / Get the Message,1
Overnight Success/Ties that Bind,1
Linc or Swim/Changing the Baby,1
Krabby Patty Creature Feature/Teacher's Pests,1
Lost and Found/The Getaway,1
Penguins of Madagascar (2014) (started at 11:59pm),1
S3E46,1
"Back Off, Borkle/Who's on Cursed?",1
Chuck of the Draw/Paw Enforcement,1
Mimic Madness/House Worming,1
Quad-dentity Crisis,1
Lasties with Firsties,1
Sardinee Babies / Párty Tron,1
Zhurassic Park / Hamster a La Kart,1
Grown Up Chuck / Chuck Dynasty,1
Back Out There / Speel It Out,1
The Harder Quad-Jobbers,1
Alvin and the Chipmunks (2007) (started at 11:59pm),1
Too Many Bens! / Dance Of The Machines,1
Squid Noi r/ ScavengerPants,1
The Tooth Pirate / Zups,1
Bug Zapper / The Helper,1
Anne of Green Gables (1985),1
Colossal Strawberry / The Sappening,1
S.W.A.G. Is Haunted,1
Sacred Cup / My Fair Berry,1
Degrassi Goes Hollywood: Part 3,1
Degrassi Goes Hollywood (Part 3),1
Chappa Phone Home,1
Popularity Paper,1
If This is It,1
Appointment TV/Karen's Virus,1
Call the Cops!/Surf N' Turf,1
Everything She Wants,1
Always Buy a God A Drink First,1
Robo-Family / The Phantom of Pointy Peak!,1
Legends of Bikini Bottom,1
Let's Go To The Movies!,1
Tom Finds A Friend,1
Don't Drink The Tea,1
Jack The Clipper,1
N Is For Neutral?,1
"Give Me A Break / Once Bitten, Twice Guy",1
A Place For Pets / Lockdown for Love,1
Boss for a Day / The Goofy Noobie,1
Big Busyness / Foam Party,1
SpongeBob's Big Birthday Blowout (cutdown),1
All Bets Are On!,1
Creepover Party / Creature Clash,1
Ghosted!,1
Bubbled In / The Fastest Draw In The West,1
Chocholate with Nuts/Mermaid Man & Barnacle Boy V,1
Ladies' Night,1
No Pictures Please / Stuck on the Roof,1
Sunglasses At Night,1
Bubble Bass's Tab/Kooky Cooks,1
"Venus, Part 2",1
"Here Comes Your Man, Part 1",1
Boss Baby (2017),1
Daddy Day Camp (2007),1
Secret: Part 1,1
The Banana Split Decision,1
Crashed Course/Puns & Buns,1
Snooze You Loose/Krusty Catering,1
White Wedding (Part 1),1
The Hardy Boys (2020),1
Nickelodeon Kids Choice Awards 2023,1
Shrinking Stars (TPSS) / Welcome to Binary Bottom / The Switch Glitch (KK) / You're Going to Pay... Phone / A Skin Wrinkle in Time (The Tidal Zone),1
Broken Wings,1
Road Trip: From Brad to Worse / Doll Day Afternoon,1
All is Fair in Love & Sleepovers,1
A Bugs Strife/All the Rage,1
Lighthouse Louie/Hiccup Plauge,1
Road Trip: Screen Queen/Hide & Sneak,1
Road Trip: From Brad to Worse/Doll Day Afternoon,1
Road Trip: Bringing Down the House/Mountain Hard Pass,1
Road Trip: Bizaratorium,1
Uptown Girl - Part 1,1
If This Is It,1
Gary's Got Legs/King Plankton,1
Up Where We Belong,1
Friends in Dry Place s/ Coupe Dreams,1
"Jane Says, Part 1",1
Hungry Eyes,1
Maximun Override / Gator's Giving,1
The House Touchers / Transformation,1
Surprising Gust / Daylight Ravings Time,1
"Something Old, Something New / The Ghoster",1
Child's Play / Force of Habit,1
The Great Grape Rescue / Sneezyitis,1
Disgruntle Weeds / Extreme Sleepover Club: Spooky Edition!,1
A Star Is Hatched / Say Cheese,1
See You At The Cottage,1
Unintended Bunnyness / Berry's Pet Threat,1
Siwas Dance Pop Revolution,1
Blaze and the Blazing Blazes / Potluck Puppy,1
The Furious & the Fast,1
Robo Family / The Phantom of Pointy Peak!,1
Mr. Ladybug's Secret / Wetyard,1
The Party Pooper / My Dinner With Dante,1
Maximun Overide / Gator's Giving,1
Two Twigs / Fresh Coat of Pain,1
Caveheart (Part 1),1
To Dad and Back / Survivoring,1
The Haunting of Star House,1
Harding - A Real Puppy,1
Collins - Rescuers All Over,1
Higgins - Shiloh's Choice,1
Crawford - Big Breeds Big Decision,1
Fleshbeast / Time Leafer,1
Miller – Sisterly Love,1
The Walking Tread,1
A Very Patchy Holiday Livestream Special,1
"The Undeliverables / Johnny Hawkstorm: Two Birds, One Stone",1
Forrest- Swimming With Barks,1
Rude-A-Snakening / Afteryard,1
Zeimer - Puppy Puppy Revolution,1
Wormhole Scavenger Hunt / The Fabryinth,1
Scaife - All in the Family,1
Doodle Dimension / Moving Bubble Bas,1
The Ballad of Holly Darlin' / Across the Fashionverse,1
Giggles and Tiaras,1
The Good Witch's Charm (2012),1
Twig Is Dead / Message Slab,1
The Buddy System / Kick-Off Party,1
The House With a Clock in It's Walls (2018),1
Lucy Loud's Halloween Scare-A-Thon,1
Clover / The Moss,1
Never Ever Expose Them to Bright Light,1
Lucy Loud's Halloween Spook-tacular,1
Splintered / In the Pit,1
The Blood Awakening - Part 2,1
Never Hug A Mogwai,1
The Blood Awakening: Part 2,1
Funder Construction / The Tech-Less Breakfast,1
Three's Not A Crowd,1
Hopscotch Extreme / The Funk Wash,1
Silly Collection / Hat Wars,1
Cakes on a Train / It's Dad-urday,1
Naked Mole Wrath / Momma Leaf,1
Extra Tootering / The Last Scrapbook,1
Stoop - Tom Finds a Friend,1
A Cabin in the Help / The Hankering,1
Creepy Caterpiller / Code of Silence,1
Cheery Glo-Mato / Highly Amused,1
Wad of Friendship / Twig Puts Down Roots,1
Rhythm & the Blues / Mouth Guitar,1
Primetime Wendi Powers / A Giant Problem,1
Archibald’s Next Big Thing Is Here,1
Tyler Perry's Young DYlan,1
Rocky's in a Hole Lotta Trouble / The Great Invisi-Barrier,1
Barbie: Skipper and the Big Babysitting Adventure (2023),1
Pantsquest / Berry's Brain,1
Didn't We Almost Have It All,1
Dragons; Nine Realms,1
Uptown Girl - Part 2,1
Shout - Part 2,1
Don't Stop Belivin',1
Planet of the Dates,1
First Flight: Part Two,1
Bust A Move - Part 1,1
Eating Las Vegas,1
U Got The Look,1
Live To Tell,1
Scone With The Wind,1
Father Figure - Part 2,1
Point Break-fast,1
Charlie and The Chocolate Factory (2005),1
"Nicky, Ricky Dicky & Dawn",1
Love Is a Battlefield,1
Gangsta Gangsta,1
Ninjago,1
Standing in the Dark: Part 2,1
Charlie and the Chocolate Factory (2005),1
Power Rangers Dino Fury,1
Rugrats (2021),1
Squirrel Jelly/The String,1
Spot Returns/The Checkup,1
Percy Jakson: Sea Of Monsters,1
Driving me Crazy,1
Pat-A-Thon,1
"SpongeBob's Big Birthday Blowout, Part 2",1
Krusty Catering/Snooze You Lose,1
Sold!/Lame and Fortune,1
Rack N' Ruin N' Ractchet,1
Mr. Peabody And Sherman (2014),1
It's Pony,1
Meet Clifford,1
"The Lexicon of Love, Part 1",1
Dates on a Plane,1
Whistlin' Susie,1
Fendrich in the Wild,1
Redemption Song,1
Garlic's Angels,1
The Great Cactus Con,1
Back Out There / Spell It Out,1
Race to the Top,1
Tell It to My Heart,1
Aporkalypse Now,1
Doorman of the City,1
"Turned Out, Part 2",1
The Waffle Truth,1
Father's Day Parade,1
Sweet Child O' Mine,1
Gas Station Vacation,1
Cheesy Rider,1
A Imposter Among Us,1
I Smell a Pat,1
The All-Star Nickmas Spectacular (2020),1
Crazy Little Thing Called Love,1
Here Comes Your Man (Part 2),1
Bruno & Boots: Go Jump in the Pool,1
Total Eclipse of the Heart,1
There will be Bacon,1
Part 1-A New Evil,1
Together Forever,1
We're Number #1,1
One Crazy Cruise,1
Mad Snacks: Berry Road,1
ARGGH! You for Real? / Garage Banned,1
Bakugan: Geogan Rising,1
A Loud House Christmas,1
Plankton Paranoia/Library Cards,1
Handemonium/Breakin',1
Don't Dream It's Over,1
Food PBFFT! Truck / Upturn Girls,1
Touch of Grey,1
You Can't Stop The Beat,1
Sandy's Nutty Nieces/Insecurity Guards,1
Goofy Scoopers/ Pat the Dog,1
The House with a Clock on the Wall (2018),1
The Legend of the Boo-kini Bottom,1
Spongebob in Randomland/Spongebob's Bad Habit,1
Unreal Estate/Code Yellow,1
Man Ray Returns/Larry the Floor Manager,1
Broken Alarm/Karen's Baby,1
Tell It To My Heart,1
#804,1
SpongeBob SquarPants,1
Drive,1
How Soon Is Now?,1
Cuddle E. Hugs / Pat The Horse,1
Fun-Sized Friends / Grandmum's The Word,1
Turbo,1
The Good Witch's Family,1
Shrinking Stars / Welcome to Binary Bottom / The Switch Glitch / You're Going to Pay… Phone / A Skin Wrinkle in Time (The Tidal Zone),1
Wreckless Driving,1
"When Doves Cry, Part 2",1
Bakugan,1
Battling as hard as Stone!,1
The Fiery Road to Mastership!,1
Pride of a Champion!,1
"White Wedding, Part 1",1
Who is Ludmilla Ersatz?,1
"The Thousand Pranks War, Part 1",1
Tears Are Not Enough - Part 1,1
Barbie Princess Adventure (2020),1
Mirror in the Bathroom,1
Blurt! (2018),1
Lost in Bikini Bottom / Tutor Sauce,1
How To Train Your Dragon 2 (2014),1
The Good Witch (2008),1
Jessie's Girl,1
"Eek, an Urchin! / Squid's Defense",1
Nelly & Simon: Mission Yeti (2017),1
"Degrassi Goes Hoolywood, Part 2",1
Good Witch (2015),1
The Trojan Slooshie,1
Eye of the Tiger,1
Remember the Crimes,1
Power Problems Part 2,1
SpaceBob MerryPants (aka Goons on the Moon),1
Something Narwal This Way Comes/C.H.U.M.S,1
Fun Sized Friends/Grandmum's the Word,1
Season's Cheatings/A Flipmas Carol,1
Cow Pie Kid/Saved By the Spell,1
Wet Painters/Krusty Krab Training Video,1
Taking Two for the Team!,1
"The Future is Now, Thanks to Strategy!",1
Battling in the Freezing Raid!,1
Should I Stay Or Should I Go?,1
SpongeBob’s Big Birthday Blowout (Part 2),1
SpongeBob’s Big Birthday Blowout (Part 1),1
Bakugan:  Evolutions,1
Man Ray Returns / Larry The Floor Manager,1
A Star Is Scorned / Senor Moment,1
The Big Bad Bubble Bass / Sea Man Eating Haters Club,1
"No Pictures Please, Stuck on the Roof",1
Father Figure - Part 1,1
Visually Communicating 25 (Paid Programming),1
Trump Card,1
Bold And Fearless,1
Clash of the Super Powers,1
Take It to the Max!,1
Day of the Dragoon,1
The End of Vegeta,1
Dende's Demise,1
Frieza's Second Transformation,1
Gohan Attacks,1
The Fusion,1
Password is Porunga,1
"Gohan, Defeat Your Dad!",1
Goku is Ginyu and Ginyu is Goku,1
Incredible Force!,1
The Birds and the Metabees,1
There's Something About Miss Mimosa,1
"Eat, Drink, Man, Medabot",1
Goku... Super Saiyan?,1
No Refuge from Recoome,1
Elite Fighters of the Universe... The Ginyu Force,1
Brendon Gets Rabies[Note 1],1
Scramble for the Dragon Balls!,1
Immortality Denied,1
Follow Dr. Gero,1
Secret Of Dr. Gero,1
Double Trouble for Goku,1
Androids Appear,1
Frieza's Counterattack,1
XML Web Services 18 (Paid Programming),1
Brief Chance For Victory,1
Extreme Measures,1
Call With Restoration,1
Battle In Kami's Lookout,1
Visual Studio 17 (Paid Programming),1
Off Air (Technical),1
The Heavens Tremble,1
Namek's Explosion... Goku's End?,1
Frieza Defeated!!,1
Duel on a Vanishing Planet,1
.net Under The Covers 16 (Paid Programming),1
Grave,1
Gohan Returns,1
A Final Attack,1
Explosion Of Anger,1
Chip n' Orbit,1
Power of the Spirit,1
Prehibernation Week / Life of Crime,1
Vegeta Revived,1
Visual Studio Language 17 (Paid Programming),1
Black Day For Planet Earth,1
A Fight Against Gravity... Catch Bubbles!,1
Showdown In The Past,1
.net Under The Covers Show 16 (Paid Programming),1
Princess Snake's Hospitality,1
Trouble In Arlia,1
Gohan's Metamorphosis,1
Gohan's Hidden Powers,1
A Very Special Action League NOW! Special,1
Arrival Of Raditz,1
The Losses Begin,1
Magic Ball Of Buu,1
Vegeta's Pride,1
Eighteen Unmasks,1
"Next Up, Goku",1
King Of The Demons,1
The Henry & June Show,1
Energy Drain,1
A Special Valentine With the Family Circus (1978),1
Videl Is Crushed,1
Forfeit Of Piccolo,1
Who Will Fight Who?,1
"Be My Valentine, Charlie Brown",1
Radar Benny / Battleship / Severed Digit / Photo Op,1
Paid Programming - Body Flex,1
The Eldest Namek,1
Stay Away From Frieza,1
Secrets Revealed,1
The Nameks Versus Frieza,1
Got Milk / Getting Away,1
Born To Be Wild / Bill Hatches,1
Feeding Frenzy / Bev's Big Day,1
All Growed Up (Part 2),1
Happy the Littlest Bunny (1994),1
Azulongmon Explains it All,1
No Mon is an Island,1
The Battle Within,1
Lucy Sullivan Is Getting Married,1
Face Off On Namek,1
Who's Who?,1
Friends Or Foes,1
A New Goal... Namek,1
XML Web Services 17 (Paid Programming),1
Stop Vegeta Style!,1
Goku Vs. Vegeta,1
The Return Of Goku,1
Tien Goes All Out,1
Truth or Scare,1
Microsoft.Net - Com Interoperability,1
Two of A Kind,1
It's Robin-Ham!,1
Stan and Sandy Make Up,1
Even the Ham-Hams Get Seasick,1
In Search of the Pendant,1
Microsoft.Net - Upgrading Visual Basic 6,1
Pokémon: The Movie 2000 (1999),1
Pokemon: Johto League Champions,1
Microsoft.Net - Overview Of The .Net Framework,1
Spongebob SquarePants,1
Daria: Is It College Yet? (2002),1
Bob the Builder,1
Cyronics / Ice Mummies,1
The Triton Factor,1
Best Of The Boys,1
World Tournament,1
Gather For The Tournament,1
Newest Super Saiyan,1
Rumble (Part 2),1
Blackmail,1
Gohan's First Date,1
Gohan Goes To High School,1
Christopher the Christmas Tree (1994),1
Dexter's Laboratory Ego Trip (1999),1
Olive The Other Reindeer (1999),1
O' Christmas Tree (1999),1
The 97th Annual Santa Claus Parade (2002),1
"The Journal, Part 2",1
A Rugrats Chanukah,1
Out of the Past,1
Battle Of America,1
Blading With The Stars,1
Layon Returns: Anti-Gravity Catastrophe!,1
Frightday the 13th: Ready Ahhh,1
The Brave Wild Eagle: The Raynos vs. the Zabats,1
Zero Is Stolen: The Fiery Battle,1
Ham-Ham Gang at the Aquarium!,1
Let's Cross the Rainbow!,1
The Sunflower Field,1
Pokémon: Adventures In The Orange Islands,1
Scariest Places on Eartth,1
Scary but True,1
The Haunted Pumpkin of Sleepy Hollow,1
2point4 children,1
Alvin And The Chipmunks Meet Frankenstein (1999),1
Love at First Bite (1979),1
Final Fight,1
Ghosts From Tomorrow,1
Trunks Ascends,1
Cell Is Complete,1
Krillin's Decision,1
Bow To The Prince,1
Saiyans Emerge,1
"Say Goodbye, 17",1
Up To Piccolo,1
Languages Visual Studio 17 (Paid Programming),1
The Monster Is coming,1
Our Hero Awakes,1
Piccolo's Folly,1
Meet the Beat-Alls / Moral Decay,1
Jewel of the Aisle / Super Zeroes,1
Fallen Arches / The Mane Event,1
The Y Files,1
Chariots Of Ice,1
Building Web Applications 21 (Paid Programming),1
Seized With Fear,1
It Girl / Deconstructing Arnold,1
Closing In,1
No Match For The,1
Goku's Assassin,1
Creating Windows App 20 (Paid Programming),1
Prison Inn / Ghost Seeing Dogs,1
Tower Of Power,1
The Tournament Begins,1
Free Of The Future,1
Goku Chooses Death,1
The Horror Won't End,1
The Powepuff GIrls,1
A Hero's Farewell,1
The Unstoppable Gohan,1
Children of Cell Attack,1
Gohan's Desperate Plea,1
Break A Lake,1
Thicker Than Bugspray,1
Bardock – The Father of Goku (1990),1
Episode 2[Note 2],1
The Fight Is Over,1
Cell's Bag Of Tricks,1
Losers Fight First,1
Puzzle Of General,1
Give Up The Ghost,1
Duel With A Ghoul,1
A Girl Named Lime,1
Meet Me In The Ring,1
What Is The Tournament?,1
An Off-Beats Valentine's,1
Olsen Twin Special: Billboard Dad (1998),1
Paste Makes Waste / Ice Sore,1
Olsen Twin Featurs: How The West Was Fun (1994),1
Animaniacs: Wakko's Wish (1999),1
Festival of Carols XI,1
Psykoblast Tour 2000[Note 2],1
The Adventures of Mary-Kate & Ashley: The Case of the Christmas Caper,1
"Rudolph, the Red-Nosed Reindeer (1964)",1
Muppet Family Christmas (1987),1
Tree Of Fools,1
The 11th Annual YTV Achievement Awards (YAA!),1
An American Tail III: The Treasure of Manhattan Island (1998),1
The 95th Annual Santa Claus Parade 2000,1
Major Competition / Mr. Mojo's Rising,1
The Vision Of Escaflowne,1
Telephonies / Tough Love,1
Boogie Frights / Abracadaver,1
The Reunion,1
"Wolves, Witches, and Giants",1
Buttercrush / Fuzzy Logic,1
Don't Poop on My Parade,1
Fall Stinks,1
Octi Evil / Geshundfight,1
Insect Inside / Powerpuff Bluff,1
Yaa! to the M@x,1
Farsscape,1
Episode 16,1
Gundam Wing The Movie: Endless Waltz (1997),1
Episode 14,1
You're Invited to Mary-Kate & Ashley's Ballet Party,1
Christina Aguilera Behind The Scenes,1
Psykoblast Tour 2000,1
Dende's Dragon,1
The Slumbering Palace,1
The Barbarian,1
Rupert Patterson Wants to Be a Super Hero (1997),1
Episode 10,1
Episode 8,1
Episode 32,1
Episode 31,1
A Special Valentine with the Family Circus (1978),1
"Stuck Up, Up, and Away / Schoolhouse Rocked",1
"Uh-Oh, Dynamo",1
Just Another Manic Mojo / Mime for a Change,1
Cat Man Do / Impeach Fuzz,1
TV & Me (Part 2) Revised,1
The Wind in the Willows (1995),1
The Bubblevicious / Bare Facts,1
People Who Need People,1
Bad Harmony,1
Town and Out / Child Fearing,1
Crystal Clear Again,1
YAA! to the M@x,1
Unicef: Rights of the Child,1
Psykoblast Tour 2000 [Note 1],1
The Adventures of Mary-Kate & Ashley,1
Peter and the Wolf (1995),1
Episode 160,1
Episode 159,1
YAA! to The M@x,1
The Adventures of Rocky & Bullwinkle,1
"Wolves, Witches & Giants",1
I Was A Sixth Grade Alien!,1
Twisteeria,1
Woddy Woodpecker & Friends,1
Artists Specials; Winslow Homer: An American Original,1
"Pinky, Emyra and the Brain",1
Artists Specials Rembrandt : Fathers & Sons,1
Dragonball Z,1
The 11th Annual YTV Achievement Awards,1
Artists Specials - Goya: Awaked in a Dream,1
YAA! To The M@x,1
"Wolves, Witches and GIants",1
Olsen Twins Special,1
Wildlifeff,1
Tv & Me (Part 2 Revised),1
Yvon Off The Yukon,1
"Double, Double, Toil & Trouble (1993)",1
Night of the Living Dummy II,1
New Addams Family,1
Hello Scout Minimoon,1
The Adventures of Batman and Robin,1
OIsen Twin Special,1
Secret of Dr. Gero,1
"Monkey See, Doggie Do / Mommy Fearest",1
Birthday Blues (Part I),1
Double Trouble For Goku,1
Mo Job / Pet Feud,1
Mixed Emotions,1
The Androids Appear,1
Slave the Day / Los Dos Mojos,1
Damp Spirits,1
Water Melon,1
Monster Watcher,1
Dream Scheme / You Snooze You Lose,1
Blinded By Love's Light,1
Bubblevision / Bought and Scold,1
Rudolph the Red Nosed Reindeer and the Island of Misfit Toys (2001),1
A Family Circus Christmas (1977),1
Rudolph the Red-Nosed Reindeer and The Island of Misfit Toys (2001),1
Microsoft's .net Show 4 (Paid Programming),1
Psykoblast,1
The Twelve Days Of Christmas,1
Making Of Jimmy Neutron (2001),1
Microsoft's .net Show 12 (Paid Programming),1
Alvin And The Chipmunks,1
The Adventures of Mary Kate & Ashley,1
Christmas in Gaudinia (2001),1
Christmas on Watership Down: Part 2,1
Santa Claus Parade Viii,1
Microsoft's .net Show 11 (Paid Programming),1
The Rocky and Bullwinkle Show,1
Through The Rabbit Hole,1
Snake Hunt,1
Warrior Incarnate,1
A20,1
Microsoft's Net Show (Paid Progamming),1
Scary But True (Scariest Places on Earth),1
Microsoft's .net Show 9 (Paid Programming),1
Pokémon: Indigo League,1
Transformers: Robots In DIsguise,1
Trunks Vs. Goten,1
Camera Shy,1
"Take Flight, Videl",1
I'll Fight Too!,1
Microsoft's .net Show 3 (Paid Programming),1
"Big Meg, Little Meg",1
Microsoft's .net Show 2 (Paid Programming),1
Unicef,1
The Great Muppet Caper (1981),1
Microsoft's .net Show 1 (Paid Programming),1
Talent Night In Hell,1
Bonehead Detectives,1
Microsoft's .net Show 14 (Paid Programming),1
"Crouching Binome, Hidden Virus",1
"Vexed of Kin / Meat, Dog's Friends",1
CatDog and the Great Parent Mystery (Part 3),1
CatDog and the Great Parent Mystery (Part 2),1
Bonehead Detectives of the Paleoworld,1
Microsoft's .net Show 13 (Paid Programming),1
The Origin of Donnie (Part 4),1
The Origin of Donnie (Part 3),1
The Origin of Donnie (Part 2),1
An American Tail: The Treasure of Manhattan Island (1998),1
Tin Soldier,1
Off Air - Technical[Note 1],1
A Black Day For Planet Earth,1
Trash Day,1
Magic Stone Mayhem,1
"The Sand Assassin, Renocraft",1
Pack To The Future,1
Sleepwalk Like An Egyptian,1
Josie & the Pussycats,1
Journey to the Center of the Basement / A Very McNulty Birthday,1
Baby-Sitting Fluffy / Sleep Trouble,1
Much Ado About Kitten,1
Jade Monkey,1
The Dog & Piggy Show,1
TV & Me Part 2 Revised,1
Adventures Of Spot,1
Wind in the Willows (1995),1
Faeries (1999),1
Snow Owls: Part 2,1
Snow Owls: Part 1,1
The Great Pussy-Cat Chase,1
Moral Decay / Meet the Beat-Alls,1
Second Chance,1
Alvin and the Chipmunks (1983),1
Action Man: Doom Strikes Back,1
Episode 18,1
Moustrap,1
Microsoft's .net Show 7 (Paid Programming),1
Luck Sullivan Getting Married,1
Microsoft's .Net Show 5 (Paid Programming),1
Dragon Ball  Z,1
A Dairy Tale Ending,1
Microsoft's .Net Show 4,1
The Bargaining (Part 2),1
Microsoft's .Net Show 3,1
Between a Raccoon and a Hard Place,1
Microsoft's .Net Show 2,1
Microsoft's .Net Show I,1
Survival - Part 2,1
The World According to Gob,1
The Adventures of Daring and Grace,1
St. Bear's Doll Hospital,1
Rogers@Home Infomercial,1
Daria in 'Is It Fall Yet?' (2000),1
Gundam Wing: Endless Waltz (1998),1
Mary-Kate & Ashley Olsen: Our Music Video (Part 1),1
The World According To Gob,1
Countdown,1
You're Invited to Mary-Kate and Ashley's Birthday Party (1997),1
"The Battle Begins, Goku, Where Are You...",1
Bad Bob,1
Scorponok,1
Energon Stars,1
High Code,1
Getting Even with Dad (1994),1
The Ark,1
Jerimiah vs. Alex,1
Trading Places: Boys vs. Girls,1
Talent Night in Hell,1
A Team Divided,1
New Kid In Town,1
Alex Vs. Dani,1
Rugrats in Paris (2000),1
"Wizards, Warriors and a Word from Our Sponsor",1
2point4Children,1
Burnsey Vs. Shannon,1
Girlfstuff/Boystuff,1
The Crimson Binome,1
Justin Vs. Megan,1
Sabrina Goes To Rome (1998),1
The Tiff,1
Mark Vs. Taylor,1
"Operation: Rescue Jet Fusion, Part 2",1
Susie Q (1996),1
Coup Deville,1
Angelicon/Dil's Binkie/Big Brother Chuckie,1
Jacob Two Two and the Mouldy Menace,1
Energon Tower,1
Portent,1
Forced Fusion,1
Master of the House,1
Posession,1
The First Fight,1
Samurai Called Jack,1
Jack & The Three Blind Archers,1
"Jack, Woolies & Mitchellites",1
Between a Racoon and a Hard Place,1
Little Women (1994),1
Mommy's Little Assets/Chuckie's Wonderful Life,1
Dee Dee's Rival / Pslyghtly Psycho / Game for a Game,1
Deedeemensional/Dial M for Monkey,1
Sister Mom / The Laughing,1
Phantom Showdown: The Thunder Brothers vs. Tetsusaiga,1
Ladybugs (1992),1
Toad Who Would Be Prince,1
Andraia,1
"Toru Toru Toru, Part 1",1
It's Not Easy Being Green,1
The Quick and the Fed,1
Find the Tough Guy: Lezick the Bodyguard!,1
True Saiyans Fight Alone,1
To The Tournament,1
Isolated in Cyber Space: Part 3,1
Isolated in Cyber Space: Part 2,1
Isolated in Cyber Space: Part 1,1
Ani-Mayhem: Zone Special,1
Mighty Wakko at the Bat,1
Destiny of the Final Battle,1
Clash of the Tyson,1
The Enemy Within,1
Where's Wanda? / Imaginary Gary,1
Pipe Down! / The Big Scoop!,1
"Voyage of the Unicorn, Part 2 (2001)",1
A Hot Water Battle,1
The Return of the Crimson Binome,1
Truth or Consequences,1
Bad Kimi,1
Chuckie's In Love,1
Hassle In The Castle,1
"Give Or Take A Million, Part 2",1
"Abra-Catastrophe, Part 3",1
"Abra-Catastrophe, Part 2",1
Making of Blizzard,1
Nat vs. Nicki,1
Jacob Two-Two and the Colossal Candy Challenge,1
Jacob Two-Two and the Doubtful Double Agent,1
How To Look Eighteen,1
The Deadly Trap of Kagura the Wind Sorceress!,1
The Tearing,1
The Deadly Trap of the Wind Sorceress Kagura,1
Jason vs. Kimmie,1
Null-Bot Of The Bride,1
My Two Bobs,1
What's Love Got To Do...,1
Daemon Rising,1
Lassie (1994),1
Tetsusaiga Is Stolen! Showdown At Naraku's Castle!,1
Tetsusaiga is Stolen! Showdown at Naraku's Castle!,1
Miroku Falls Into a Dangerous Trap,1
Webriders on the Storm,1
The Great Snail Race / Mid-Life Crustacean,1
Maximum Hugh / Sleepless in Retroville,1
Journey to the Center of Carl / Aaughh!! Wilderness!!,1
"The Eggpire Strikes Back, Part 2",1
Episode 202,1
Showdown! Inuyasha vs. Sesshomaru!,1
"Aristocratic Assassin, Sesshomaru",1
"The Man From M.I.5, Part 1",1
"The Imposters, Part 1",1
"30 Mins After Noon, Part 2",1
"30 Mins After Noon, Part 1",1
"Desperate Intruder, Part 1",1
"Day of Disaster, Part 2",1
"End of the Road, Part 2",1
"End of the Road, Part 1",1
"Perils of Penelope, Part 2",1
"Perils of Penelope, Part 1",1
"Brink of Disaster, Part 2",1
"Brink of Disaster, Part 1",1
"Martian Invasion, Part 2",1
"Martian Invasion, Part 1",1
"Move and You're Dead, Part 2",1
"Move and You're Dead, Part 1",1
"Operation Crash Dive, Part 2",1
"The Cauldron, Part 2",1
Is Rodimus Enemy Or Foe?,1
"Other Visits, Part 2",1
"Vault of Death, Part 2",1
"Vault of Death, Part 1",1
"The Mighty Atom, Part 2",1
"The Mighty Atom, Part 1",1
One For the Road,1
"The Final Face-Off, Part 5",1
"The Final Face-Off, Part 4",1
"The Final Face-Off, Part 3",1
"The Final Face-Off, Part 2",1
"The Final Face-Off, Part 1",1
"Battle for the Bronze, Part 3",1
"Battle for the Bronze, Part 2",1
"Atlantic Inferno, Part 2",1
"Atlantic Inferno, Part 1",1
"Security Hazard, Part 2",1
"Security Hazard, Part 1",1
"The Cham-Cham, Part 2",1
"The Cham-Cham, Part 1",1
"Attack of the Alligators, Part 2",1
"Attack of the Alligators, Part 1",1
"Duchess Assignment, Part 2",1
"Duchess Assignment, Part 1",1
"Danger at Ocean Deep, Part 2",1
Racing The Clock,1
Into The Miasma,1
"Cry Wolf, Part 2",1
"Cry Wolf, Part 1",1
"The Man From M.I.5, Part 2",1
"The Uninvited, Part 2",1
Prisoners of Sleep/An Unexpected Treasure/The Malusian Blob,1
Warpland/Two Gleeks Are Deadlier Than One/Bulgor the Behemoth,1
Supefriends,1
Gone Corphishin,1
A Wicked Smile,1
A Wicked Smile: Kikyo's Wandering Soul,1
That Sun-king Feeling,1
Beautiful Day to Be French,1
Which Wurmple's Which?,1
Kicker Beware,1
"Mind Games, Part 2",1
Beyblade: Behind the Revolution,1
Mile In My Shoes / Super Bike,1
School Girl Crushed/Chess Mom/Father Knows Least,1
"Oh, Brother/Another Dad Cartoon/Bar Exam",1
Dad Is Disturbed/Framed/That's Using Your Head,1
Sharpedo Attack,1
Head Over Heals,1
Stairway to Devon,1
Mystical Hand of Amorous Monk,1
Keeping Secrets,1
Gonna Rule the School,1
Law of the Jungle,1
Soul Piper & Mischievous,1
"The Uninvited, Part 1",1
"Sun Probe, Part 2",1
"Sun Probe, Part 1",1
"Pit of Peril, Part 2",1
"Pit of Peril, Part 1",1
Crouching Binome,1
Tetsusaiga Is Stolen,1
Jacob Two Two & The Furry Felon,1
Ghost Story / Chuckie's Complaint,1
Seeing is Believing,1
Miroku Falls into Danger Trap,1
Miroku Falls Into a Danger Trap,1
"30 Mins after Noon, Part 2",1
The Case of the Shrinking Super Friends / The Mask of Mystery,1
No Honor Among Thieves / Mr. Mxyzptlk and the Magic Lamp,1
Pokémon 3: The Movie (2000),1
Silent Treatment / Sweet 'n' Sour,1
Secret of the Jewel of 4 Souls,1
It Runs in the Family (2003),1
Bride of Darkseid,1
Pokémon the Movie 2000 (1999),1
A Mudkip Mission,1
Enter Sango-Demon Exterminator,1
Enter Sango the Demon Exterminator,1
"Care Bears Nutcracker, Part 2",1
Race Across New Zealand Part 2,1
Web Riders on the Storm,1
Return of the Crimson Binome,1
The Episode with No Name,1
Between a Raccoon & a Hard Place,1
The Good Old Days,1
Pokémon Double Trouble,1
Prophecy of Death,1
The Blue Eyed Prince,1
The Day the Angel Flew,1
The Locus of Victory and Defeat,1
The Eternal Flame of The Shooting Stars,1
Quatre vs. Heero,1
The Gundam They Called Zero,1
Girl Trouble,1
I'm Mocchi!,1
Sailor Moon S: The Movie – Hearts in Ice (1994),1
Guilmon Comes Alive,1
Throwing in the Noctowl,1
Ham-Ham Clubhouse in Danger!,1
The Day the Big Clock Stopped,1
Oxnard's Big Crush,1
Heidi,1
Seal of the Brothers,1
Dungeon Dice Monsters (Part 4),1
Strawberry Shortcake: Spring for Strawberry (2003),1
"Merlin, Part 2 (1998)",1
Just My Luck,1
"Merlin, Part 1 (1998)",1
Snake Pit,1
Microsoft's .NET Show - Compact Framework,1
Metamorphosis (Part II),1
Superman (1979),1
A Knight of Shadows (Part II),1
Justice League - Secret Origins (2001),1
"20,000 Leagues Under the Sea (1997)",1
Voyage of the Unicorn (Part 2) (2001),1
Voyage of the Unicorn (Part 1) (2001),1
Microsoft's .NET Show - Developing An End To End .net,1
Microsoft's .NET Show - Building A .net Connected,1
Microsoft's .NET Show - Architecting a .NET Application,1
Microsoft's .NET Show - .NET Framework Security Overview,1
The Saddle Club: Horse Crazy (2001),1
The Saddle Club: Adventures at Pine Hollow (2002),1
Demon World (Part 2),1
Demon World (Part 1),1
Pink & The Brain,1
Race Across New Zealand Part 3,1
The Diabolical Adonis,1
Trial and Punishment,1
Live Bait,1
Do You Know who Your Friends Are?,1
The Whole Truth,1
Strange Medicine,1
Free Jake,1
The Lord Helps Those Who Help Themselves,1
Cat and Mouse,1
First Assignment,1
Ch-Ch-Ch-Changes,1
The Brave & The Bold (Part 2),1
Joyride,1
Zero Is Stolen,1
Pokémon The Movie 2000 (1999),1
Give Or Take A Million (Part 2),1
The Powerpuff GIrls,1
The Wind in the Willows (1983),1
Festival of Christmas Carols 2002,1
A Charlie Brown Christmas (1965),1
Tin Soldier (1995),1
"What a Nightmare, Charlie Brown! (1970)",1
Rudolph The Red Nosed Reindeer (1964),1
Babies In Toyland,1
Sir Nigel (Part 2),1
The Gallant Swordsman,1
Samurai Spirit,1
Shadow Warrior,1
Milliardo's Decision,1
Dungeon Dice Monsters Part 3,1
Dungeon Dice Monsters Part 2,1
Final Showdown,1
New and Cyber Improved,1
Wicked Wind Blows,1
Happy Old Year,1
Role Reversal,1
The Wendy Gwendolyn Conundrum,1
Rasta La Vista,1
New Kids On The Deck,1
Moon Over Tamira,1
Don't Get Curried Away,1
Being Morgan Leigh,1
Wendy Gwendolyn,1
The Flat Tire,1
Welcome Matt,1
Dan You Dig It,1
CatDog and the Great Parent Mystery Part 3,1
CatDog and the Great Parent Mystery Part 2,1
Into the Lion's Lair,1
When Games Collide,1
"Mina Dos Estrellas, Part 2",1
Eastern State Penitentiary,1
Fight for the Light,1
The Joy of Water Pokémon,1
"Right On, Rhydon!",1
The Big Balloon Blow-Up,1
Scare Happy Slappy / Witch One / Macbeth,1
The War of the Worlds (1953),1
Moville Mystery,1
When Games Colide,1
Casper: A Spirited Beginning (1997),1
Infected,1
Welcome Pepper!,1
The Milky Way,1
The Tale of Princess Bijou,1
Clubhouse Intruders,1
Addam's Family Reunion (1998),1
"Double, Double Toil and Trouble (1994)",1
Identity Crisis - Part 1,1
It Came from Hollywood (1982),1
The Great Brain Robbery,1
Enzo the Smart,1
In the Belly of the Beast,1
The Nutcracker (1965),1
The Tin Soldier (1986),1
Fossil Fuels,1
The Bug Stops Here,1
A Dairy Tale Is Ending,1
Christopher the Christmas Tree  (1993),1
A Tents Situation,1
Viva Las Lapras,1
"Hello, Pummelo",1
Food Fight,1
Bob the Builder: A Christmas to Remember (2001),1
The Zone Special: The Magic of Blizzard,1
Donner,1
"Babies in Toyland, Part 2",1
The 99th Annual Santa Claus Parade (2003),1
To Mend and Defend,1
Curly Sue (1991),1
Brainchild / The Case of the Stolen Powers,1
The Fear,1
The Seeds of Doom,1
The Village of Lost Souls / The Curator,1
The Wheel of Power,1
Trust No One,1
Nullzilla,1
Inspector Gadget's Last Case (2002),1
Durango Kids (1999),1
Sailor Moon S,1
Follow That Mo,1
The Amazing Zorro (2002),1
Microsoft's .NET Show - Episode 45,1
Rave Reviews,1
Mary-Kate and Ashley in Action,1
Stuff-A-Palooza / Video Return,1
"Home Again, Takuya Returns",1
Darkest Before Duskmon,1
From Dawn to Duskmon,1
Search For Mr. X,1
Chase,1
Beast Machines: Battle of the Spark,1
Microsoft's .NET Show - Episode 44,1
Friends Til the End (Part 4),1
Friends Til the End (Part 3),1
Loch Ness Incident,1
Microsoft's .NET Show - Developing an End To End,1
Jacque Cousteau's Ocean Tales,1
Dinosaur Island (2002),1
Microsoft's .NET Show - .net Compact Framework,1
The HeX Factor,1
Microsoft's .NET Show - Mobile Internet Toolkit,1
Racing the Clock,1
"Abra-Catastrophe!, Part 3",1
"Abra-Catastrophe!, Part 2",1
Drop-Out,1
Voyage of the Unicorn {2001),1
Water Logged,1
Partner Game,1
Pokémon 3: The Movie - Spell of the Unown (2000),1
Ice Ice Baby,1
Takuya and Koji's Evolution Revolution,1
Operation: Free Ophanimon,1
Teeth of the Matter,1
Mission to Planet Yvon,1
Trouble With Mammoths,1
Your Bill is Waiting,1
Million Dollar Moron,1
Around the Whirlpool,1
Unseen and Unleashed,1
The Search for Mr. X,1
Shiloh 2: Shiloh Season (1999),1
Microsoft's .net Show - Lis 6/0 And Asp .net,1
The Brainiacs.com (2000),1
Microsoft's .net Show - Code Optimization,1
Microsoft's .net Show - Architecting a .net Application (Paid Programming),1
Artists Specials Monet: Shadow & Light,1
Diary of a Teenage Smoker (1991),1
Cutaway (1991),1
Thomast the Tanke Engine,1
"Adventures ot the Magnificent 6 1/2"" (1988)",1
Adventures ot the Magnificent 6 1/2 (1988),1
Miss Kline. We Love You (1974),1
Little House: The Last Farewell (1984) (Part 2),1
Little House: The Last Farewell ( 1984) (Part 1 of 2),1
Little House: Look Back to Yesterday (1983) (Part 2 of 2),1
Little House: Look Back to Yesterday (Part 1 of 2),1
M.U.S.I.C./Together for Our Children[Note 1],1
YTV News Special - The Party Picks[Note 1],1
YTV News Special The Pitches [Note 1],1
Talkin' About AIDS (1989),1
The 4th Annual YTV Achievement Awards,1
Another Life- Another World,1
YTV Festival of Friends (1992),1
Vocal Spotlight[Note 1],1
Pride of the Yankees (1942),1
Littl'  Bits,1
Scared Straight! 10 Years Later (1987),1
YTV Achievement Awards (1992),1
The Little House Years (1979),1
Adventures of Zorro,1
Illegaly Yours (1988),1
It's a Pleasure (1945),1
(Part 4 of 4),1
(Part 3 of 4),1
(Part 2 of 4),1
Canadian Improv Games[Note 2],1
Look of the Year (1993)[Note 1],1
YTV Achievement Awards 1993,1
Crystal Clear (1993),1
The Adventures of Mark Twain (1985),1
Postitive Parenting,1
Shields and Yarnell: A Christmas Fantasy,1
Shining Time Station: 'Tis a Gift (1980),1
Captain Planet,1
Father Knows Best: Home For Christmas (1977),1
"colspan=""2"" align=center National Youth Conference",1
YTV News Outreach,1
Captain Planet and the Palneteers,1
Hit List with Tarzan Dan,1
On the Right Track (1981),1
Little Mermaid,1
Missing Treasure,1
Black Stalion,1
Profiles of Natures,1
Positive Parneting,1
"Peru, the Hidden Empire",1
Capain Nemo,1
Money,1
The Slug Returns,1
The Great Adventures (1976),1
Lassie's Great Adventures (1964),1
Canada Day,1
Canada Day 1992 Celebration Special,1
Page Turners,1
Nick News Special Edition,1
Hanford’s Point (1967),1
Gemini Awards,1
3rd Annual YTV Achievement Awards,1
Youth Talk - Racial Discrimination (LIVE - PHONE IN),1
She-Ra,1
Return To High Country (1975),1
Puttnam's Prarie Emporium,1
Spirit of Winterlude,1
Carol Burnette and Friends,1
Rock 'N Talk,1
The Pure Hell of St. Trinian's (1960),1
The Pure Hell of St Trinian's (1960),1
Rock 'N Talk Special Edition,1
Animation[Note 1],1
Dofasco Christmas,1
Danny Kaye International Children's Awards (1991),1
Sing[Note 2],1
Famous People Players: Special Friends of China [Note 1],1
Little House: Bless All the Dear Children (1984),1
The Christmas Tree (1991),1
He-Man & She-Ra: A Christmas Special,1
Aladdin and The Magic Lamp (1982),1
The Nutcracker (1986),1
The Nutcracker: A Christmas Story (1992),1
Little Match Girl (1986),1
The Little Matchgirl (1986),1
Toothbursh Family,1
Cutaway,1
Day of Discovery,1
Young Canada`,1
Danny Kaye International Children's Awards[Note 1],1
Referendum 102692[Note 1],1
Another World,1
Nancy Walker,1
"The Chronicles of Narnia - The Lion, the Witch and the Wardrobe",1
The Monk and the Honeybee,1
The Adventures of Black Stallion,1
Boulogne - Part 2,1
YTV In-class: The Video,1
Bodyguard (1980),1
The Jerry Lewis MDA Labor Day Telethon,1
Mag Glick,1
Fire Practice,1
Forward Mr Grainger,1
No Sale,1
Cover Up,1
New Look,1
Shoulder to Shoulder,1
German Week,1
Wedding Bells,1
Spider Man,1
"The Chronicles of Narnia - The Lion, the Witch & the Wardrobe",1
How to Murder Your Wife (1965),1
Fudge-a-Mania (1995),1
The Yellow Rolls-Royce (1965),1
Little House: The Last Farewell (1984) (Part 2 of 2),1
Little House: The Last Farewell (1984) (Part 1 of 2),1
Celebrate the Earth (1995) [Note 1],1
Hornets’ Nest (1970),1
Till the Clouds Roll By (1946),1
Here Comes Garfield (1982),1
The Night of The Grizzly (1966),1
Bump in the Night: Twas the Night Before Bumpy (1995),1
"Race for Your Life, Charlie Brown! (1977)",1
Miracle Of The Heart: A Boy's Town Story (1986),1
Hands Up Hands On (mtwf),1
Toronto Santa Claus Parade (taped),1
Story of the Christmas Toys (1990),1
Bon Voyage Charlie Brown (and Don't Come Back) (1980),1
Yogi's All-Star Comedy Christmas,1
Children's Day of Broadcasting,1
The 6th Annual YTV Achievement Awards (1995),1
KFriends of the Forest,1
Super Mario,1
The Shadow Man,1
Eric's World (mwf) Groundling Marsh (TT),1
The Big Comfy Couch (m-t) Bananas in Pyjamas (F),1
Kitty Cats (m-t) Friends of the Forest (F),1
Poetree and Friends (mw) The Adventures of Blinky Bill (TT) Keroppi and Friends (F),1
Ballooner Landing (m-t) Hello Kitty (F),1
Under The Umbrella Tree (m-t),1
PJ Katie's Farm (m-t) Once Upon a Hamster (F),1
Snowy River,1
Inherit the Wind (1988),1
Inherit The Wind (1988),1
Fri'd TV,1
Rough Guide to the World's Islands,1
The New Fred and Barny Show,1
Vocal Spotlight (1993),1
Super Human Samurai Syber-Squad,1
The Friendly Giant (M-T),1
Real World New York,1
Father Knows Best Reunion (1977),1
Robin Hood’s Greatest Adventures (1958),1
Robin Hood: Quest For The Crown (1958),1
"Run Rebeca, Run! (1982)",1
"Run Rebecca, Run! (1982)",1
South Africa Election Special,1
A Child Called Jesus (part 2 of 2),1
A Child Called Jesus (1987) (part 2 of 2),1
An Affair to Remember (1957),1
Holiday (1938),1
Diary of A Teen-Age Smoker (1991),1
Stolen Hearts,1
Past Watchful Dragons,1
Bringing Up Baby (1938),1
Katts  & Dog,1
Kistmet (1955),1
They Must Be MadKatts & Dog,1
Red Green Show,1
Oklahoma (1955),1
Blokes (1993),1
YTV's Family Christmas Concert[Note 1],1
Garfield on the Town (1983),1
Garfield's Babes and Bullets (1989),1
Meet Me In St. Louis (1994),1
Shields & Yarnell: A Christmas Fantasy,1
Aladdin & The Magic Lamp (1983),1
"Bah, Humbug!: The Story of Charles Dickens' 'A Christmas Carol' (1994)",1
Santa Claus Parade[Note 1],1
Open a Door,1
Dividing the Mango,1
The Chronicles of Narnia: The Silver Chair,1
Lamb Chop in the Haunted Studio (1994),1
Chronicles of Narnia: Prince Caspian and the Voyage of the Dawn Treader,1
The Great Tickler,1
Double Darkness,1
Extra Innings,1
Stranger in Possum Meadows,1
The Tale of Cutter's Treasure: Part 1,1
The Tale of the Renegade Virus,1
The Tale of the Long-Ago Locket,1
Eric' World,1
Cosmic Hurdle,1
Making of Tommy Tricker[Note 1],1
Danny Kaye International Children's Awards,1
Adventures of Robin Hood,1
Paper Chase (1974),1
"The 5,000 Fingers of Dr. T (1953)",1
Metro Zoo,1
Joe Panther (1975),1
Young Detectives On Wheels (1986),1
Rock Showdown '89 - Canada's National Homegrown Competition[Note 1],1
Johnny Tiger,1
The Jungle Book,1
Jungle Book,1
Professor Poppers' Problems,1
Yes You can,1
Robin Crusoe On Mars (1964),1
Fall Preview,1
Death of a Legend,1
Panda and the Serpent (1961),1
Cry Of The Wild (1974),1
Cry of the Wild (1974),1
The Westerner (1940,1
The Cowboy and the Lady (1983),1
The Divorce Of Lady X (1938),1
Innocents Abroad (1983),1
The Innocents Abroad (1983),1
The Stars Shine For Joe Philion (1989),1
She Ra,1
Sabre Riders,1
In Search of Santa Clauss,1
The Father Knows Best Christmas Reunion (1977),1
The Pony,1
Gruey and Twoey,1
Johnny the Giant Killer (1953),1
Me and My Gal,1
The New Leave it To Beaver,1
Pied Piper of Hamlen (1957),1
Pied Piper of Hamelin (1957),1
The Kennel Murder Case (1933),1
Little Lulu,1
The Belles of St Trinian's (1954),1
Bravery In The Fields,1
BBC Playhouse: The Country Boy,1
War Is Over,1
The Boy with Green Hair (1948),1
YTV Rock Showdown,1
Benoit,1
Hitchhiker's Guide to the Galaxy,1
A Tree Grows In Brooklyn (1974),1
A Tree Grows in Brooklyn (1974),1
Wildlife on One,1
NFB Theatre,1
Wish You Were Here,1
Country Clips,1
Mysteries World,1
Man Of The North,1
Cartoons,1
Princess Of Tomasso,1
The Squeeze (1987),1
Chabot Solo (Part 2 of 3),1
UFO Kidnapped (1984),1
Monsters and Other Scary Things,1
Showstopper,1
The Arizona Kid (1939),1
Chabot Solo (Part 1 of 3),1
Family Theatre,1
UFO Kidnapped (1983),1
Show Stopper,1
Chickadees,1
Hayley Mills,1
He-Man and Masters of the Universe,1
MOVIE (TBA),1
Me & Max,1
Along the Navajo Trail (1945),1
Sign Off,1
YTV First Night Special,1
Smith and Smith's Comedy Mill,1
Peace Is Our Profession (1960),1
Dead Ed (1937),1
Hurricane (1937),1
They Shal Have Music (1939),1
The Ghosts Of Motley Hall,1
George! (1976),1
Robin Hood of Pecos (1941),1
Ghosts of Motley Hall,1
Shari Lewis Christmas Concert,1
Hoppity Goes to Town (1941),1
In Search Of Santa Claus,1
Sinbad the Sailor (1947),1
Rainbow Over Texas (1946),1
Glory (1956),1
Birth of a legend (1973),1
Birth of a Legend (1973),1
Huckleberry Finn (1972),1
Great Performances,1
The Brave One (1956),1
Follyfoot,1
Tension at Table Rock (1956),1
Wilderness Journey (1970),1
Man In Nature,1
The Hotel New Hampshire (1984),1
Me And My Girl,1
The Adventures Of The Black Stallion,1
Anne of Windy Poplars (1950),1
Woderstruck,1
Street Noise,1
Deke Wilson,1
Jennie (1940,1
Infomercials,1
SteetNOISE,1
Love In a Goldfish Bowl (1961),1
Let Me Prove IT,1
Cartoon All-Stars To The Rescue (1990),1
Rights On (1991)[Note 1],1
Youth Talk - Unity,1
Everything's Ducky (1960),1
Everything's Ducky (1961),1
The 2nd Annual YTV Achievement Awards,1
Champion Spirit,1
Famous People Players,1
Save The Children (1973),1
Save the Children (1973),1
Time To Read / Simon & Witch,1
Al Oeming: Man Of The North,1
Little House On the Prairie,1
Kids In Crisis,1
Save The Children,1
Littlest Hobo,1
Paul Daniels' Hour,1
Famous People Players: Special Friends of China,1
Fat Albert's Christmas Special (1977),1
Adventures of the Black Stalion,1
Little Crooked Christmas Tree,1
The Magic Snowman,1
Save the Children (1988),1
No Man's Land (1988),1
They Went To Fight For Freedom (1984),1
The Paul Daniels' Magic Show,1
Youth Talk - Crimes and Justice[Note 1],1
Let's Start Communicating  [Note 1],1
Rights On[Note 1],1
The Night of the Grizzley (1966),1
For Me an My Gal (1942),1
Little Marmaid,1
Let's Start Communicating [Note 1],1
Saban's Adventures of the Little Mermaid,1
Sunset in the West (1950),1
Flour Drum Song (1961),1
Time To Read / Tickle On THe Tum,1
Charge of the Model T's (1977),1
The Adventures of Curley and His Gang (1947),1
The Young Loner (1968),1
Mother Is A Freshman (1949),1
Joyus Sound (1972),1
Paul Daniels's Magic Hour,1
"New Year, New Times, New Shows (highlights of the programs for 1990)",1
Hitchhiker's Guide To The Galaxy,1
Lassie: Adventures of Neeka (1968),1
Adventures of Little Prince,1
BBC Playhouse - Crimewatch,1
George the Dog,1
Til The Couds Roll By (1947),1
Frontier Footlights,1
Conquered Dream,1
YTV Rocks & Showdown Highlights,1
Canada's Search For Missing Kids (1989),1
International Circus Festival of Monte Carlo,1
The Conquered Dream (1971),1
Jonny the Giant Killer (1953),1
Lucretia (1986),1
Mother Goose,1
The Little Match Girl,1
Shari Lewis Christmas Special,1
A Figgy Duff Christmas,1
Mother Goose Stories,1
The 5th Gemini Awards (1990) (Part 2),1
Hatari (1962) (Part 2 of 2),1
Hatari (1962) (Part 1 of 2),1
Hatari! (1962)  (Part 1 of 2),1
The Frog Prince (1971),1
2nd Annual YTV Achievement Awards,1
You Can't Do That On TV,1
Time To Read / Tickle On The Tum,1
"Al Oeming, Man of The North",1
The Great St. Trinian's Train Robbery (1966),1
Championship Spirit,1
Time To Read - Simon & the Witch,1
Wildsided,1
Family Brown,1
She-Ra: Princess Of Power,1
The Boy With The Green Hair (1948),1
Just For You,1
Mr Blandings Builds His Dream House (1943),1
The Best Years of Our Lives (1946) (Part 2 of 2),1
Best Years of Our Lives (1946) (Part 2 of 2),1
Adventures of Neeka (1968),1
Slip Slide Adventures (1978),1
Santa Claus Is Coming To Town (1970),1
Yogi's All-Star Comedy Christmas Caper (1982),1
'Twas the Night Before Bumpy (1995) (Part 2 of 3),1
Happily Ever After (1985),1
Scarecrow Walks at Midnight,1
The Adventures of Mowgli (1996),1
"Monster Blood, Part 1",1
Hiccups / Autumn Leaves,1
"It Was a Short Summer, Charlie Brown (1968)",1
A Night Out With the Backstreet Boys (1998),1
"Poltergeist (1982) 
(continued from last night)",1
"Poltergeist (1982) 
(continued tomorrow until 12:30am)",1
"Halloween Hound: The Legend of Creepy Collars, Part 2",1
The Fogotten Toys,1
Werewolf Skin - Part 2,1
Enhanced Lands,1
One Day at Horrorland (Part 2),1
"The Perfect School, Part 2",1
Welcome to Dead House: Part 2,1
Beetleborgs Metallix,1
King Arthur & The Knights of Justice (W),1
Psykoblast 1998,1
Psykoblast 1998 [Note 1],1
A Night In Terror Tower (Part 2),1
Bedtime Stories / Enchanted Lands / Toothbrush Family,1
Crayon Box / Dawdle The Donkey / Toothbrush Family,1
The Adventures Of Reggie Rabbit (1995),1
An Old Story,1
The Ultimate Test,1
Pokémon Paparazzi,1
The Case of the K-9 Caper!,1
Bulbasaur's Mysterious Garden,1
Shari's Passover Surprise,1
A Shocker on Shock Street,1
Wallace and Gromit: A Close Shave (1995),1
"Ahmed, Prince of Alhambra (1998)",1
Bride of the Living Dummy,1
Anthoy Ant,1
Strained Peas,1
Perfect School (Part 2),1
A Night Out With The Backstreet Boys (1998),1
Night Before Christmas (1994),1
The Pink Panther in: A Pink Christmas (1978),1
A Charlie Brown Christmas (1966),1
Festival of Christmas Carols 1998,1
T'was the Night Before Bumpy (1995) (Part 3 of 3),1
April and the Sandman (1998),1
A Pink Christmas (1978),1
Uh-Oh!,1
"Didn't'cha, Mr. D? / The Amazing Rubber Guy",1
The Gumby Movie (1995),1
Tarzan of the Apes (1997),1
The Princess Castle (1996),1
Tangled Web,1
"Coming of the Fuzors, Part 2",1
"Coming of the Fuzors, Part 1",1
Wacky World of Tex Avery,1
Sky Dancer,1
"It's Christmas Time Again, Charlie Brown! (1992)",1
Tales of Gulliver's Travels (1997),1
What a Mess,1
The Prince and The Pauper,1
Adventures in Camelot,1
Little Brown Burro,1
Rocko's Modern Christmas! / Christmas in Tattertown,1
The Red Shoes (1990),1
Santa and the Tooth Fairies,1
Rough Edges,1
Pink Panther's Christmas,1
ARG In Class,1
Rudolph The Red-Nosed Reindeer (1964),1
The Land Before Time IV: Journey Through The Mists (1996),1
Hercules Returns (1993),1
The Yellow Roles-Royce (1964),1
Meet The Hansons,1
Hanson 3 Car Garage,1
Don't Hesit8: Activ8,1
TV and Me (Part 2),1
"The Making of ""Flatworld"" (1997)",1
Active8,1
The Adventures Of Reggie Rabbit,1
Shari's Passover Surprise (1997),1
The Agenda: Part III,1
The Agenda: Part II,1
Beasties [Note 1],1
Boo,1
YTV In Class AGR,1
The Making of the Borrowers,1
You Oughta Know,1
Ninja Turtles: Next Mutation,1
High School Basketball - Reebok Invitational,1
NBA Team Up Celebration - NBA Inside Stuff Special (1998),1
Activ8,1
Roman Holiday (1953),1
El Dorado (1967),1
Twisted Tales of Felix the Cat,1
The Haunted House Game,1
Nanlan,1
Happy Birhtday,1
The Artists' Specials Mary Cassatt: American Impressionist,1
"Roswell Conspiracies: Aliens, Myths & Legends",1
YAA! To The M@X,1
Artists' Specials: Degas and the Dancer,1
Ulrika’s Solo Flight,1
Bugs Bunny's Mad World of Television (1982),1
Santa Claus is Comin' to Town (1970),1
Big Sister & Little Brother,1
April and the Sandman,1
First Snow of Winter (1998),1
The Composers' Specials: Handel's Last Chance (1996),1
"Christmas on Watership Down, Part 2",1
Pallet Party Panic,1
Friends to the End,1
Friend and Foe Alike,1
Santa Claus is Coming to Town (1970),1
98 Degrees All Access (1999),1
"The Pink Panther in ""A Pink Christmas"" (1978)",1
Rainmakers / Unicef: Righting Our Future,1
My Two Daddies (1989),1
The Land Before Time VI: The Legend of Saurus Rock (1998),1
Toronto's 94th Annual Santa Claus Parade,1
Artists Specials: Mary Cassatt: American Impresionist,1
Weird Oh's,1
Kitty Kats,1
Degas and the Dancer (1998),1
Handel's Last Chance (1996),1
Five Gundams Confirmed,1
The Gundam Deathscythe,1
Bizet's Dream (1994),1
Strauss: The King of 3/4 Time (1996),1
Rossini's Ghost (1996),1
Liszt's Rhapsody (1996),1
Bach's Fight for Freedom (1995),1
The International Stop Racism Concert and Awards Shows (2000)  [Note 1],1
An American Tail 2: Fievel Goes West (1991),1
The Batman/Superman Movie: World's Finest (1997),1
Tiny Toon Adevntures,1
Vibes Body (Paid Programming),1
NBA Team Up Celebration,1
Rocker Abs (Paid Programming),1
Winslow Homer: An American Original (1999),1
Feud for Thought / Legal Eagle Lion / The Gangsters All Here,1
Artists' Specials: Rembrandt: Fathers & Sons,1
Artists' Specials: Goya: Awakened in a Dream,1
Artists' Specials: Monet: Shadows & Light,1
The Composers' Special,1
The Soda Wars,1
Shocker on Shock Street,1
Psykoblast 1999  [Note 1],1
Tex Avery,1
"Werewolf Skin, Part 2",1
One Day at Horrorland: Part 2,1
"Life Is a Circus, Charlie Brown",1
Charmander the Stray Pokémon,1
Bulbasaur and the Hidden Village,1
The School of Hard Knocks,1
"It's Spring Training, Charlie Brown (1996)",1
Perfect School - Part 2,1
UNICEF: Righting our Future,1
Don't Go to Sleep,1
Showdown At Dark City,1
Wake Up Snorlax!,1
The Battling Eevee Brothers,1
Pikachu's Goodbye,1
Labyrinth (1986),1
Alpha 2 Omega (a2o),1
How I Got My Shrunken Head (Part 2),1
Forgotten Toys / Toothbrush Family,1
Enchanted Lands / Toothbrush Family,1
Spider / Kipper / Crayon Box / Toothbrush Family,1
Pony,1
Gamespot International,1
YAA! to the Max,1
Composers' Specials,1
Pokéball Peril,1
A Scare in the Air,1
YAA! to the m@x,1
Flipper: New Adventures,1
"The Haunted Mask, Part 2",1
Bugs Bunny's Howl-oween Special (1977),1
Bedtime Stories; Enchanted Lands; Happy Birthday,1
My Daisy,1
The  Magic Schoolbus,1
The  Adventures of Dawdle the Donkey,1
The  Country Mouse and City Mouse Adventures,1
Mopatop's  Shop,1
Pinky  and the Brain,1
The  Adventures of Tintin,1
The Big  Comfy Couch,1
"Graduation Day, Part 2",1
Are  You Being Served?,1
a20,1
Fuzzpwas,1
I am Mocchi,1
The Pink Panther in: A Pink Christmas,1
Enchanted Tales: Snow White (1990),1
YTV in Class / Cable in the Class,1
People,1
Santa's Christmas Snooze (1995),1
Pearl Jam / Stone Temple Pilots,1
Garfield and Freinds,1
Enchanted Tales: Anastasia (1997),1
Enchanted Tales: Beauty and the Beast (1997),1
A Night in Terror Tower (Part 2),1
MTV Concerts REM Unplugged (1991),1
Canada Remembers: Holland,1
The Tale of the Vacant Lot,1
Be Careful What You Wish For...,1
Man From U.N.C.L.E.,1
It's The Great Pumpkin Charlie Brown (1966),1
The Tale of the Badge,1
Mr. Chaney,1
Tornado Days,1
Attack of the Mutant (Part 2),1
Kids in the Firehall (1995),1
Family Film Awards (1996),1
Phantom of the Auditorium,1
MTV Concerts,1
YTV In Class / Cable In the Classroom,1
"Eerrie, Indiana",1
The Tale of the Nightly Neighbors,1
Bottom's Up,1
Little House: Look Back to Yesterday (1983),1
NBA TeamUp Celebration,1
Stay Out of the Basement (Part 2),1
It Came from Beneath the Kitchen Sink,1
The Wonderful Wizard of Oz: The Making of a Movie Classic (1990),1
How The West Was Won (1963),1
The Skateboard Kid 2 (1994),1
The Real Adventures Of Jonny Quest,1
Enchanted Tales: Hércules,1
Gulliver's Travels (1996),1
Enchanted Tales: The Prince & the Pauper (1995),1
Jonny Quest,1
Enchanted Tales: Pochahontas (1995),1
PJ's Unfunnybunny Christmas (1993),1
Festival of Chrsitmas Carols,1
Dot & Spot's Magical Christmas Adventure,1
"""ABC Weekend Specials"" The Magic Flute (1994)",1
Twas The Night Before Bumpy (1995),1
Twas the Night Before Bumpy (1995),1
Ballooner Landing Christmas (Part 2),1
The Bears Who Saved Christmas,1
The Harder They Fall,1
Felix The Cat,1
The Bad News Bears Go to Japan (1978),1
Campbells,1
Young Ones,1
Blue Jays 20th Season Special,1
Hidden City,1
The Campells,1
How To Murder You Wife (1965),1
Santo Bugito / Bump In The Night [Note 1],1
Return Of The Mummy,1
Goosebumps[Note 1],1
Rocko's Modern Life / What-A-Mess[Note 1],1
ReBoot / Spider-Man[Note 1],1
Rugrats [Note 1],1
North by Northwest (1958),1
YThe Adventures of Rocky and Bullwinkle and Friends,1
The Must Be Mad,1
"A Night in Terror Tower, Part 2",1
Yogi Bear Show,1
Hornet's Nest (1970),1
The NBA All-Star Youth Celebration[Note 1],1
YTV In Class:  The Video,1
Captain Power: The Legend Begins (1991),1
The Haunted Mask: Part 2,1
Bottom's Out,1
(a divorced friend reveals plans to abduct his own son),1
Stay Out of the Basement: Part 2,1
YTV in Class,1
Don't Know Much About History...,1
"Welcome to Camp Nightmare, Part 2",1
"Birth of a Keaton, Part 2",1
Tale of the Curious Camera,1
Stay Out of the Basement,1
Rough Guide To Great Journeys,1
Philadelphia Story,1
Are You Afraid of the Dark,1
Auntie Up,1
Robin Hood: Quest for the Crown (1955),1
4 Rms Ocn Vu,1
Robin Hood: Quest for the Crown (1957),1
Captain Power: The Legend Begins (1990),1
"Yes,  Prime Minister",1
Rough Guide to the World’s Islands,1
Cable in the Classroom,1
A Date with Judy (1948),1
Eco Variety (1996) [Note 1],1
Inherit the Wind (1960),1
The Secret Garden,1
Dragon Ball Z or Bottom,1
The Tale of Train Magic,1
Captain Scarlett or Dragon Ball Z[Note 1],1
The Tale of the Bookish Babysitter,1
The Adventures of Sam & Max: Freelance Police,1
Fox's Peter Pan and the Pirates,1
Captain Scarlet and the Mysteron,1
"Hatari! (1962)
(continued from 11:30pm)",1
"Hatari! (1962)
(continued into Sept. 8)",1
Hatari! (1962),1
Bottom or Dragon Ball Z[Note 1],1
The Tale of the Fire Ghost,1
"You're A Good Sport, Charlie Brown",1
The Tale of the Silent Servant,1
Cruise Blues,1
It'll Never Work?,1
Bugs Bunny's Bustin' Out All Over,1
Shenanigans On The Town,1
The Tale of the Water Demons,1
Hanson Live,1
Psykoblast 1997,1
(Rosebeekie gets three wishes),1
ABC Pig,1
Wallace and Gromit: A Grand Day Out (1989),1
Rocko's Modern Christmas(1994) and Christmas in Tattertown (1988),1
Christopher The Christmas Tree (1994),1
The Mousehole Cat,1
"You're the Greatest, Charlie Brown",1
Dividing The Mango,1
ReBoot (or The Twisted Tales of Felix the Cat),1
Swords Of Freedom (1992),1
Madeline (or Mummies Alive!),1
"Bon Voyage, Charlie Brown (1980)",1
The Adventures of Mowgli (1997),1
Meet Hanson,1
You Ought to Know,1
The Tale of Laughing in the Dark,1
Lamb Chop In The Haunted Studio (1994),1
Something Good For Halloween,1
Halloween Hound: The Legend of Creepy Collars: Part 2,1
News,1
Beware the Lunchwad / Madam Know-It-All,1
Bugs Bunny's Thanksgiving Diet (1978),1
The 8th Annual YTV Achievement Awards,1
Ultimate Goosebups,1
"It's an Adventure, Charlie Brown (1983)",1
Rubeus Strikes Out,1
Dennis The Menace or X-Men,1
Let's Get Invisible,1
They Might Be Mad!,1
Adventures of Reggie Rabbit (1997),1
The Tale of the Dead Man's Float,1
Haunted Mask II: Part 2,1
The Godsister,1
Our Lady Peace - YTV SnowJam,1
Spider-Man[Note 1],1
"The Secret World of Alex Mack / Eerie, Indiana[Note 1]",1
Dexter's Laboratory / Eek! The Cat[Note 1],1
What-A-Mess / All Dogs Go To Heaven: The Series[Note 1],1
Rugrats / Stickin' Around [Note 1],1
Tall In The Saddle (1944),1
Little House on the Prarie,1
Legends of the Hidden City,1
The Tale of the Room for Rent,1
Attack of the Mutant: Part 2,1
YTV In class,1
World Pee Wee Hockey (taped),1
The Tale of the Quiet Librarian,1
Let's Get Invisible!,1
World Pee Wee Hockey Championship (taped),1
The Tale of Jake and the Leprechaun,1
Little House: Look Back to Yesterday,1
Insektor,1
"It's Spring Training, Charlie Brown (1992)",1
Courage of Black Beauty (1958),1
And A Switch Switch There,1
La Cirque Du Rosebeekie,1
Love Hits the Pig,1
Treasure Map,1
YTV's Jr. Jays Magazine,1
(farm with animals),1
(a horse from Blue's past returns),1
The Tale of the Bookish Baby Sitter,1
The Tale of the Shiny Red Bicycle,1
(Rosebeekie thinks all animals should be hamsters),1
The Flintstones (m-t) Casper (F),1
(the sun disappears),1
The Tale of the Jagged Sign,1
Goodbye Mr. Chips (1939),1
(Percival and worms are best friends),1
How to Kill a Monster,1
Once Upon a Hamster),1
"MTV""s Oddities",1
The Tale of Cutter's Treasure Part II,1
8th Annual YTV Achievement Awards,1
Ed Bunny Then and Now,1
"Stay Out of the Basement, Part 2",1
#NewGoat,1
Capture The Kat / Outer Space Case,1
Something Fishy In Owl Lake / Dire Education,1
Metal Mouuth,1
Background Music,1
Nickelodeon Kids' Choice Awards 2010,1
Super Bike / A Mile in My Shoes,1
Truth or Cosmoquences / Beach,1
Fairy Friends /Just The Two of Us,1
Full Throttle / Happy Birthday Dear Docktor,1
Dreamgoat / The Same Game,1
Game Show,1
"16 to 6, Part 1",1
New Squid In Town! / Wish Fixers,1
The Return of a Man Called Smith,1
Nacho Libre,1
The Little Rascals (1994),1
"Season 2, Episode 10",1
Penguins of Madagascar,1
#58,1
To Each His Own Battle,1
How To Get Off Carlos Martinelli's List,1
How to be Ridonkulous,1
Adventures in Babysitting,1
Launchtime / Haunted Habitat,1
Mr and Mrs Bandango / Licensed for Evil,1
Rock a Bye Voltar / iDestruct,1
Fight for the Future,1
Evil vs Evil,1
The Dark Zone Expedition,1
A New Year Debacle,1
Dunces and Dragons,1
Justin Bieber feat. Ludacris (2010),1
Stomp the Yard (2007),1
Chicken Poofs / Stupid Cupid,1
Wishology: The Exciting Middle Part,1
A Life in a Day / Sun Bleached,1
Charge! Bull Power,1
The Wolf's Ambition,1
Leone's Roar,1
The Hidden / Kingdom Come,1
Red Menacing / Dr. Strong Frogg,1
Mortimer's Makeover,1
Small Soldiers (1998),1
E-I-E-O-No!,1
The Lost Treasure of the Golden Squirrel,1
"All King, No Kingdom / Untouchable",1
What Goes Around / Mask of the Raccoon,1
Pet or Pets / Komputer Overload,1
Josh is Done,1
A Wish Too Far! / Tiny Timmy!,1
Yugioh 5DS,1
Spaced Out / TransParents,1
Birthday Bashed / Momni-present,1
The Reef (2006),1
Fountain of Youth / Kimi Takes the Cake,1
Babysitter Blues,1
Timvisible / That Old Black Magic,1
Zombie Attack,1
Pokémon Mystery Dungeon: Explorers of Sky - Beyond Time & Darkness (2009),1
Pokémon Mystery Dungeon: Explorers of Time & Darkness (2008),1
Dealing With Defensive Types!,1
Ancient Family Matters,1
A Breed Stampede!,1
Catman Meets the Crimson Chin / Genie Meanie Minie Mo,1
Vicky Loses Her Icky / Pixies Inc.,1
GoGoRiki,1
Big Daddy (1999),1
Hail to the Chief / Twistory,1
Kicking and Screaming (2005),1
Rebound (2005),1
"Sorry, I've Got No Head",1
Sooper Poof / Wishing Well,1
Cheese and Crockers / Land Before Timmy,1
The Kat Whisperer / Bend It Like Burtonburger,1
As Told by Ginger,1
Captain Flamigno,1
He-Man & She-Ra Christmas Special (1985),1
Spectacular! Cast,1
Unaccompanied Minors (2006),1
The Shinigami whom Ganju Met,1
The Ultimate Weapon Reborn,1
Needle Point / Eclipsed,1
Go Fish / Miracle on Ice,1
Pokémon: Arceus and the Jewel of Life (2009),1
Merry Wish-mas,1
Wishology: The Final Ending (Part 2),1
Wishology: The Final Ending (Part 1),1
Wishology: The Exciting Middle Part (Part 2),1
Wishology: The Exciting Middle Part (Part 1),1
Wishology: The Big Beginning (Part 2),1
Wishology: The Big Beginning (Part 1),1
Justin Bieber,1
Odd Jobs / Movie Magic,1
Love Struck,1
"Shiny Teeth / Odd, Odd West",1
Help Wanted / Reef Blower / Tea at the Treedome,1
Banned in Bikini Bottom / Stanley S. SquarePants,1
Dadbracadabra/Timmy Turnip,1
Gullible Pants/Overbooked,1
Pet or Pests/Komputer Overload,1
Shuffleboarding/Prefessor Squidward,1
Hail to the Chief/Twistory,1
Hairspray (2007),1
Kat to the Future,1
Blasteroid Blues/Rat-a-Phooey,1
iStakeout,1
A Cinderella Story (2008),1
MicroPhony/So Totally Spaced Out,1
Information Stuporhighway,1
The Cookoff / My BFF Destrucktor,1
All You Can Eat / Golden Claw,1
Pokémon Ranger and the Kidnapped Riolu! Part 2,1
Strategy Tomorrow - Comedy Tonight!,1
Mighty Mom and Dyno Dad / Knighty Knight,1
Old Flame,1
The Interview,1
The Sub,1
Ruby Gloom Shorts,1
Commercial Shoot,1
Killer Bees,1
A Day in a Day / Sun Bleached,1
Wings,1
Video Game Comes Alive,1
Someones in the Kitchen with Daddy,1
Wall of Shame,1
Trespassers Will Be Persecuted / Oh MeOh Meow,1
Astronauts,1
Dolphin Trainers,1
Video Game Creators,1
Sheep Ranchers,1
Navy Special Ops,1
Lobster Fishers,1
World Class Athletes,1
Chefs,1
Espionage,1
Big Time Fever,1
Big Time Love Story,1
Enough Is Enough,1
Snowed Under!,1
Spike: The World of Santa Claus,1
The Brave Guy / Starring Ms. Strich,1
Werewolf,1
Chock Lick,1
Chicken Poofs/Stupid Cupid,1
One Man Banned/Frenemy Mine,1
Wayne's World (1992),1
The Red Squirrel/It's About Time,1
Command Crisis/Truth Ache,1
The Penguin Stays in the Picture/Huffin and Puffin,1
Spaced Out/Transparents,1
Tankini,1
The Parrot Trap,1
Video Games Come Alive,1
Spa Day,1
Crocker Shocker / Super-Zero!,1
Cloud Ten,1
Hack Attack / Its A Rocket Man,1
Stall That Jazz / Under Destruction,1
Heated Battle Gingka Verses Kyoya,1
Like a Virgin kind of,1
Everybody Hates Easter,1
Ruby and the Rockits,1
Mercis Dangerous Trap,1
When Holly met Tina,1
Everybody Hates First Kiss,1
The Bird Scene,1
Mission Responsible / Hair I Cane,1
Aquarios Challenge,1
I Love You Soon,1
Everybody Hates Port Authority,1
Magic Guitar,1
The Loft,1
The Office Boss,1
Boys Club,1
The Talk,1
iCarly Saves Television,1
Let's Keep it Going (Part 2),1
Lets Keep it Going (Part 2),1
Sick and Tired,1
How to Get a Pet,1
Penny Foolish/Nautical Novice,1
The Wrestler,1
121 with Miranda Cosgrove,1
How to Get Some Cred,1
How to Beat Father Time,1
iMight Switch Schools,1
The Break Up,1
Valentine's Day,1
The Cheerleading Incident,1
Looney Toons Back in Action (2003),1
Alex Rider Operations Stormbreaker (2006),1
One Coarse Meal / Gary In Love,1
The Play's the Thing/Rodeo Daze,1
One Coarse Meal/Gary in Love,1
Escape from Skullosus / 10,1
Growing Up Creepie,1
Picture Day / Pat No Pay / BlackJack,1
A Flea in Her Dome / Donut of Shame,1
SpongeBob vs. the Patty Gadget / Money Talks,1
Justice League: The New Frontier (2008),1
Doogal (2006),1
Bat Mitzvah Crashers / Super Secret Weakness,1
Artificial Unintelligence / We Got the Bee,1
Bee My Baby / Bee Afraid,1
The Art of Monkey Launching,1
Moooooving Day / Big Wanda,1
Own a Song,1
Pop Star Evaluation,1
12 to 6,1
Searching the East,1
The Art of Truffling,1
Babe: Pig in the City (1998),1
Something's Fishy / Presto Change-O,1
Smart Attack / Operation F.U.N.,1
Prank Patrol Ninja Interstitials,1
"20,000 Patties Under the Sea",1
She's the Man (2006),1
Dream Goat! / The Same Game,1
Spaced Out / Transparents,1
The Happy Elf  (2005),1
The Art of No Mind,1
"I Want a Dog for Christmas, Charlie Brown",1
Santa Claus is Coming to Town,1
Rogue,1
Blackened Sponge / Mermaid Man vs. SpongeBob,1
Picture Day / Pat No Pay / Blackjack,1
Love Hurts / Frien-e-mies,1
This Bites / Chief?,1
Big Boss Brawl / Out Favorite JuJu,1
Karate Kids,1
Barn Days Night / Meet the Ferrets,1
Big Top Barnyard / Pigmalion,1
Otis Season / Cow's Night Out,1
State Fair,1
Cleveland,1
Everybody's Cried at Least Once,1
Hothead,1
Bleach: Memories of Nobody (2008),1
Shredderman Rules (2007),1
The Last Stand,1
Stratosphere,1
Atom's Most Wanted,1
Addams' Family Values (1993),1
Pokémon: Diamond and Peal,1
Dog Daze,1
Mounting a Coordinator Assault!,1
Not on MY Watch Ya Don't!,1
Setting the World on Its Buneary!,1
Gymbaliar!,1
Like It or Lup It!,1
Different Strokes for Different Blokes!,1
Gettin' Twiggy With It!,1
Dawn of a New Era!,1
When Pokémon Worlds Collide!,1
Two Degrees of Separation!,1
CF: The Musical / Cliffhanger,1
Sound and Fury,1
Memphre Blues,1
Bad to the Bone,1
Thunder Run,1
On the Rocks,1
A Little Trouble,1
Information Stupor Highway,1
New World,1
A New Formation: Ino-Shika-Cho!,1
Cursed Island / Mayan Water Graves,1
Mystery Disc / Tikal,1
River Dino / Ghost Town,1
Barnyard Games / War of the Pranks,1
The Two Faces of Squidward / SpongeHenge,1
Reckless Love,1
Against All Odds,1
Leviathan,1
Shades of Gray... Matter,1
"Dude, Where's My Condor?",1
Calling All Domos,1
Survival of the Fittest,1
Spongebob Meets the Strangler / Pranks a Lot,1
Sink or Swim / Basement of Yuck,1
Very Superstitious,1
Ferga-licious,1
Dance on Sunset,1
Lights! Camera! Adam! / A Bad Case of Diary-Uh,1
Episode 230,1
Moon Spell,1
Shelf Life,1
Miss Dimmsdale / Mind Over Magic,1
Chip Off the Old Chip / Snow Bound,1
Blood is Thicker,1
Pokémon: Destiny Deoxys (2004),1
Battle of the Bandoids,1
Flower King,1
Foresight Part 2,1
Foresight Part 1,1
An Ian-Convenient Truth,1
Hassle in the Castle,1
Chestnut: Hero of Central Park (2004),1
Cheerleaders,1
The Donkey Con,1
The Waltzing Queen,1
The Big Superhero Wish!,1
The Mighty B,1
Ruled Out/That's Life!,1
The Ghost of Casa L. Coachouse,1
The Ghost of Westfield Village,1
Comet Surfing,1
Pinocchio 3000 (2003),1
Candy Isn't Dandy,1
Ain't Over Till the Fat Man Sings,1
Spa Insectiva,1
The Ghost of Fort Mississauga,1
H20-No,1
Team Galxy,1
Mindy Loves Josh,1
Playing the Field,1
Number 1 Fan,1
Mermaidman and Barnacleboy / Pickles,1
Snotty Sitting / Cowdyshack,1
The Pest of the West,1
The Inmates of Summer,1
The Art of Giggling,1
The Art of Passing the Buck,1
The Art of Patience,1
The Boys in the Band / Hex Games,1
Garfield: A Tale of Two Kitties (2006),1
What Ever Happened to SpongeBob?,1
"Krusty Towers / Mrs. Puff, You're Fired",1
Damage Control,1
iOwe you,1
Born to be Wild / Best Frenemies,1
Patrick SmartPants / Squidward TentaclePants,1
The Shareholders Are Revolting,1
Driven to Tears / Rule of Dumb,1
Pre-Hibernation Week / Life of Crime,1
The Audition,1
iLook Alike,1
The Mr Men Show,1
Rock Face,1
Navigation,1
Foresight Part 3,1
Edgar and Ellen: Crushed,1
Royal Twist,1
Monster Beaters,1
Camping Out,1
The Forget Me Stone,1
The Bugaboos,1
Aliens on the Fast Track,1
Pipe Dreams,1
"Nazca Lines, Trophy Heads",1
Drake and Josh Go Hollywood (2006),1
When Time Stands Still,1
The Death of Naruto,1
Too Late For Help,1
Smells Like Team Spirit!,1
Glory Blaze!,1
Tag! We're It...!,1
Rudolph the Red-Nosed Reindeer,1
A Flintstone Family Christmas,1
"It's Christmas Time, Charlie Brown",1
Annabelle's Wish,1
The Kiss Under the Mistletoe,1
Santa vs. Claus (2008),1
The Art of Tunneling,1
The Many Faces of Canada Sing,1
Pokémon the Series: Ruby and Sapphire,1
The Boy Who Would Be Queen / Foul Balled,1
Just My Luck (2006),1
Alien Brett,1
Flu the Coop / Class Act,1
The Ghost of George Brown House,1
When Josh Attacks,1
Nip/Duck / Search and De-toy,1
"Pokémon: Jirachi, Wish Maker (2003)",1
Outcracker's Badland Galaxy Tour,1
Beware of Frog,1
Shadow People / Frankenstein,1
The Sisterhood of the Traveling Pants (2005),1
The Ghost of Fort York,1
Yoko's Secret,1
Do Not Fort Sake Me / Cookie D'Uh,1
Nip/Duck / Search and De-Toy,1
Dork Hunters and the Pirates of Tortuga Island (2008),1
Twins,1
Unbelievable Places,1
Doppelfinger / Little Womyn,1
"Deja Vu, Again",1
Shuriken School: The Ninja's Secret (2007),1
Radarr Love,1
Second Chances,1
Not Normal / Gone,1
Spongicus / Suction Cup Symphony,1
iGo One Direction,1
S5 Eps 8,1
The Fairly OddParens,1
Krusty Dogs / The Wreck of the Mauna Loa,1
The Midnight Stranger,1
Shifus Back,1
Po Fans Out,1
"Season 7, Episode 9",1
Three Girls and a Moose,1
Cell Block,1
Little Yellow Book/Bumper to Bumper,1
License to Milkshake/Squid Baby,1
Friends and Anemonies,1
Looney Tunes: Back in Action (2003) (Continuing until 2:15 a.m.),1
Extreme Spots / Squirrel Record,1
Treats! / For Here or to Go,1
Face Freeze! / Glove World R.I.P.,1
Karen 2.0 / InSPONGEiac,1
Restraining SpongeBob / Fiasco!,1
Bubble Troubles / The Way of the Sponge,1
House Sittin' for Sandy / Smoothe Jazz at Bikini Bottom,1
Squarepants Family Vacation,1
Operation Fun / Smart Attack,1
Blythe's Crush,1
Russell Up Some Fun,1
The Daredevil's Craze,1
The Pirate's Cache,1
Nation vs. Nation Splatdown!,1
Of Mice & Splatmen!,1
Splatalot Days & Splatalot Nights!,1
Pokémon: BW Adventures in Unova and Beyond,1
TCRI,1
The Tubastic Tuo/Mr. Nestor's Mother's Momma,1
Step Up 2: The Streets (2008),1
Step Up 2: The Streets (2009),1
Fluttering Finger Mindslip,1
The Princess & the Po,1
"Season 1, Episode 1",1
Arthur and the Revenge of Maltazard (2007),1
Pet or Pests / Komputer Overload,1
Legally Blondes (2009),1
The Road to El Dorado (2000),1
Galaxy Quest (1999),1
iShock America (Part 1),1
Marley & Me (2008),1
S5 Eps 10,1
Sweet and Sour Squidward/The Googly Artiste,1
The Pink Purloiner/Squid Wood,1
Born to Be Wild/Best Frenemies,1
Pokémon: Black & White: Rival Destinies,1
Bummer Vacation / Wigstruck,1
All That Glitters / Wishing You Well,1
Welcome to the Chum Bucket / Frankendoodle,1
Barbie: The Princess & the Popstar (2012),1
Pressure / Smoking Peanut,1
"Night at the Museum: Battle of the Smithsonian (2009)
(Started at 11:55pm)",1
"Night at the Museum: Battle of the Smithsonian (2009)
(Continues until 2:05am)",1
Wanko's Warehouse,1
The Blonde Squad,1
Episodious Splaticus,1
Kit Kittredge: An American Girl (2008),1
9 Lives / Dread and Breakfast,1
Ready Set Spotlight,1
How to Rock a Music Video,1
How to Rock a Statue,1
How to Rock a Guest List,1
The Worst Couple,1
How Trina Got In,1
Driving Tori Crazy,1
Lights Out / Dad Overboard,1
Beaver Tales,1
George's Apprentice,1
iStill Psycho,1
Mr. Hyde,1
Mr. Invisible,1
Fashion Faux Pas with Boys,1
Hitting the Breaks with Boys,1
An Epic Defense Force!,1
Turtle Temper,1
Extrasquirrelstial/To Cat a Thief,1
Pranks for Nothing/Fistful of Quarters,1
I Think Therefore I Clean/Soup of a Nova,1
Lean Green Fighting Machine/Nutters Almanac,1
Pokémon the Movie: Kyurem vs. the Sword of Justice (2012),1
Commanding the Clubsplosion Crown!,1
A Clubsplosion of Excitement!,1
Search for the Clubultimate!,1
Stuck on Christmas,1
The Great Duel,1
Beywheelz: Powered by Beyblade,1
Mousers Attack!,1
Cat in the Hat,1
A Flea in Her Dome / The Donut of Shame / The Krusty Plate,1
Mr. Magic,1
The Best Day Ever/The Gift of Gum,1
"Blythe's Big Adventure, Part 2",1
Planet of the Imps,1
Trading Places,1
The Master of Disguise (2003),1
That’s So Weird,1
Dream Machine,1
Wipeout Canada,1
Bad Heir Day / Freak and Greeks,1
Add a Dad / Squirrely Puffs,1
X Treme Teaching / Less Song of Doom,1
UF Float / Play N Ice,1
The Ians,1
Cyberbully (2011),1
Arthur 2: On the Rocks (1988),1
The Heartbreak Golly Gee Kid / App-y Days,1
Circus Jerkus / Anty Maim,1
iChristmas,1
"Fly Away Home (1996)
(continued from 11:30pm)",1
King of the Camp (2008,1
The Kelley Boys and the Mysterious Lighthouse Mystery,1
Dinklescouts / I Dream of Cosmo,1
Fairly OddPet,1
Meet the OddParents,1
Hotel for Dogs (2009),1
#TheBritBrats,1
#FavoriteShow,1
Naughty Nautical Neighbors/Boating School,1
Mr. Matchmaker,1
iPilot,1
Birthdays with Boys,1
Big Time Bonus,1
Big Time Lies,1
Big Time Scandal,1
Bubblestand/Ripped Pants,1
"iGoodbye, Part 1",1
iBattle Chip,1
Selling Out (standalone),1
Enchanted Tiki Dreams (standalone),1
Your Shoe's Untied (standalone),1
The Chaperone (standalone),1
Band Geeks (standalone),1
Texas (standalone),1
The Best Day Ever (standalone),1
Baned in Bikini Bottom / Stanley S. Squarepants,1
Shiny Teeth (standalone?),1
Love Struck!,1
Mr. Space (Part 2),1
Bubblestand / Ripped Pants,1
Ramona and Beezus (2010),1
Who's Your Paddy / Snerd Envy,1
iLove You,1
Mr. Film Festival,1
Mr. Pickles,1
Jailhouse Panda,1
Hall of Lame,1
Love Stings,1
iLost My Mind,1
Smart Attack / Operation: F.U.N.,1
"Oh, Brother! / What's the Difference?",1
The Cat in the Hat Knows A Lot About That!,1
iParty with Victorious (Part 3),1
iParty with Victorious (Part 1),1
Mr. Picture Day,1
Marvin Marvin,1
Sleep Over and Over / Mother Nature,1
Enemy In-Law / Mermaid Man & Barnacle Boy VI: The Motion Picture,1
No I in Groceries / When Thugs Attack,1
Coast is Fever / Madness of King Nutbar,1
Dreamweaver / Chili Con,1
Panic in the Sewers,1
1:45pm,1
The Good Old Days / Future Lost,1
Chum Bucket Supreme / Single Cell Anniversary,1
Cheese and Crockers / The Land Before Timmy,1
The Play's the Thing / Rodeo Daze,1
Superman III (1983),1
Superman II (1981),1
"Yours, Mine and Mine / Kracked Krabs",1
Greasy Buffoons / Model Sponge,1
What’s in the Batter?,1
iRescue iCarly,1
Season 3 Episode 7,1
Jimmy Timmy Power Hour 3: The Jerkinators! (2006),1
Season 3 Episode 5,1
Open Season 2 (2009),1
Topped with Buttercream,1
Josie and the Pussycats (2001),1
Extreme Babysititng,1
Knights of Bloodsteel Pt 2 ( 2009),1
Mr. Alligator,1
Mr. Poet,1
Mr. Airplane,1
"Drayden Versus Iris: Past, Present, and Future!",1
A Village Homecoming,1
A Surface to Air Tag Battle Team,1
Pokémon: Black & White: Adventures in Unova and Beyond,1
The Pulverizer Returns!,1
Gooey-tastic,1
Prank Patrol Ninja Shorts,1
Chopper Down,1
Superhero Movie (2008),1
The Pirates Who Don't Do Anything: A Veggietales Movie (2008),1
Jonah: The Veggietales Movie (2002),1
Barbie: A Fairy Secret (2011),1
Pokémon DP: Sinnoh League Victors,1
Bad to the Scone,1
Fashion Crime,1
Big Time Video,1
Big Time Sparks,1
Big Time Break,1
Val and Holly's Not Boyfriends,1
Mind Control,1
iSell Penny Tees,1
iBelieve in Bigfoot,1
iEnrage Gibby,1
Your Cheatin' Heart,1
Out of the Box,1
Principal's Office,1
Open Season (2008),1
Horton Hears a Who! (2008),1
Incredible Shrinking Group,1
School Nurse,1
Lulu Time/Chocolate and Banana Soup,1
Flower Power/Hee Honk,1
Gone Wild/Operation Secret Suitcase,1
Spy Trap/Sneazles,1
Down the Drain/9 to 5 to Oblivion,1
"Crouching Cooper, Hidden Kat/Tom-Kat Foolery",1
Fishy Frisky Business/Teed Off,1
Curse of Tutankitty's Tomb/Pet Peeved,1
"One Big, Happy Family/Happy Campers",1
Just Me and Glue/You'll Be Show Sorry,1
Ocean Uncharted,1
Haunted Garden,1
Prank Patrol!,1
And the Splatty Goes To,1
Swamp,1
Bollywood,1
Nutty Professor II: The Klumps (2000),1
How to Make the Most Out of the Most Likely List,1
A Visit from Mom,1
Trapped in an RV,1
The Great Ping Pong Scam,1
iDo,1
Turn the Other Cheeks/Birthday Bashed,1
Prank Patrol Shorts,1
Play Date of Doom/Teacher's Pet,1
Dealing with a Fierce Double Ditto Drama!,1
"Freak the Freak Out, Part 2",1
The Curse of the Hex / The Main Drain,1
Trenchbillies / Sponge-Cano!,1
Bad News Bakery,1
Don't Give Up,1
No More Mr Nice Guy,1
House of Scream / Planters Warp,1
The Kid The Cake and The Chemistry,1
Fish Trip,1
Aquateam,1
iFind Lewberts Lost Love,1
How to Make Your Rep,1
Friendship day / Snugglebum,1
Changemorpher / Force Fighters,1
Vote Voltar / LOSE the Movie,1
Moustachesquatch / Endless Summer,1
Aint No Party Like a Maxum Brain Party / Hello Dol,1
Robots,1
Dance Little Sister,1
One Big Happy Family / Happy Campers,1
Garden State,1
Two Boys for Every Girl,1
Cheerleader,1
Anti Poof,1
Cheese and Crockers/Land Before Timmy,1
Timmy the Barbarian/No Substitute for Crazy,1
The Good Old Days/Future Lost,1
Hassle in the Castle/Remy Rides Again,1
You Doo/Just Desserts,1
A New Squid in Town/Wish Fixer,1
Odd Couple/Class Clown,1
The Odd Couple,1
Fortune Teller,1
The Masterpiece/Whelk Attack,1
Hide and Then What Happens/Shellback Shenanigans,1
Greasy Buffoons/Model Sponge,1
Growth Spout/Stuck in the Wringer,1
SpongeBob SquarePants vs The Big One,1
To Love a Patty/Breath of Fresh Squidward,1
Squidtastic Voyage/That's No Lady,1
Skill Crane/Good Neighbors,1
Journey to the Centre of the Earth (2008),1
"Knights of Bloodsteel, Part 1 (2009)",1
Bad Heir Day / Freaks and Greeks,1
Pokémon: Zoroark: Master of Illusions (2010),1
Opposites Interact!,1
Last Call—First Round!,1
Mr. Ballerina,1
Mr. Honest,1
Luck Be a Penny/How to Succeed in Groceries,1
Way of the Fishlips/The Golden Paddleball,1
Children of the Acorn/Awaken the Stacker,1
The Gauntlet of Lokar,1
Gildar Has a Secret,1
"Knights of Bloodsteel, Part 2",1
Sarthak: The Situation,1
Escape from Skullossus / 10,1
Justice Gene / Table for Four,1
Pokemon the Movie: Black-Victini and Reshiram (2011),1
The Gauntlet of the Souls,1
Horseshoes and Volleyball,1
Sister Act 2: Back in the Habit (1993),1
Mr. Detention,1
Mr. Younger Man,1
Ain't No Party Like a Maxum Brain Party/Hello Dolly,1
A Monster Headache/Days of Golly,1
"Gone Gaga/Like Supervillian, Like Son",1
What Would Batty Do?/The Duck Vinci Code,1
The Ear Wax Elf/Stunter's Block,1
There Are No Small Parts/Keep on Monster Truckin',1
Cottonee in Love!,1
Masters of the Zany,1
Who's the Zaniest of Them All?,1
Pets or Pests / Komputer Overload,1
New Digs / Krabs á la Mode,1
Guard Dog / Dog Save the Queen,1
Doom and Gloom / Law and Odor,1
Thunder Dog / Snap Dad,1
Yu-Gi-Oh! 5Ds,1
Barrel of Love,1
Mr. Brain,1
Tori Gets Stuck,1
Video Chat,1
Pokémon the Movie: White — Victini and Zekrom (2011),1
Power Rangers: Super Samurai,1
Crocness and the Corner of Doom,1
Slap Shot 3: The Junior League (2008),1
This Time the Problem is with Dad and Not with Boys,1
Identity Crisis / Fart of Darkness,1
Moustachesquatch / The Endless Summer,1
Full Throttle / Happy Birthday Dear Doktor,1
The Redakai,1
"Knights of Bloodsteel, Part 4",1
Monkey Talk with Boys,1
In the Principal's Office with Boys,1
Oshawott's Lost Scalchop!,1
The Powerpuff Girls Rule!!! (2008),1
The General,1
Rebound,1
Nightmare on Pound Street,1
Nobody's Perfect,1
RocketMan (1997),1
Shredderman Rules! (2007),1
April Fools,1
Dilgar And Tam,1
Redekai,1
How to Beat the Lie and Win the Guy,1
How to Get Gotten,1
Shopping Spree/The Spark is Gone,1
Suit of Harms/Escape from Razzuma-traz,1
Internal Affairs/Virtual Mayhem,1
Camp or Consequences/Fairweather Squirrel,1
"There is No ""I"" in Groceries/When Thugs Attack",1
Who's Your Paddy/Snerd Envy,1
Tubtastic Tuo/Mrs. Nestor's Mother's Momma,1
Cool Paw Howie/S.S. Banana Cabana,1
"Oh Brother, Who Art Thou?/Nothing But the Tooth",1
Veggie Beast/Hurricane Seasoning,1
Dimday Pirates/No Foolin',1
Tutu Badou/Hidden Courtyard,1
The Dragon Master's Path,1
Not Normal/Gone,1
Madagascar 2 (2008),1
Manic Mom-day / Crocker of Gold,1
The King of Kong: A Fistful of Quarters (2007),1
Holly Jolly Special,1
Home Alone 4 (2002),1
Kung Fu Panda Holiday (2010),1
The Worm in Big's Apple,1
Big & Small,1
Pokémon DP: Galactic Battles,1
Agent Cody Banks (2003),1
Redaki,1
"Oh, Brother / What's the Difference?",1
iDon't Want to Fight,1
Country Style,1
Mr. Meteor,1
FRED: The Movie (2010),1
Mincinno - Neat and Tidy,1
Here Comes the Trubbish Squad,1
A Home For Dwebble,1
Superhero,1
Movie Mayhem,1
Loose Lips,1
I Can Dig It,1
Dog from Mexico / The Mortician's Daughter / Pigeon,1
Rotting Hills - 2,1
The Third Eye,1
Attack of the Mothman,1
Gruesomestein's Monsters - 3,1
To a Future That Never Ends,1
Cross My Heart,1
Attack of the Cats / One Small Step for Superman / Video Victims,1
Hey Arnold: The Movie (2002),1
Prisoners of Sleep / An Unexpected Treasure / The Malusian Blob,1
Batman and Mr. Freeze: SubZero (1998),1
Girls' Night In,1
The Playground of Doom / The Space Racers / The Recruiter,1
They Came from Outer Space: Part 2,1
Carpet Man,1
How to Turn Your Monster into a Latin Lover,1
Heroes,1
The Krypton Syndrome / Invasion of the Space Dolls / Terror on the Titanic,1
How to Impress a Girl With Your Mummy,1
How to Throw A Monster Party,1
Family Album,1
Mermaid Man and Barnacle Boy III / Squirrel Jokes,1
Stowaway from Space / The Scaraghosta Sea / The Witch's Arcade,1
The End - Part 3,1
Hot Wheels AcceleRacers: Ignition (2005),1
The Stealthy Poison Master: Mukotsu!,1
Pingu Helps with Incubating,1
The Urban Groove,1
Miffy's Birthday Special,1
Making It in the Biz,1
Pop Princesses,1
Get a Life,1
The Baby-Sitter's Club (1995),1
The Case of the Shrinking Superfriends /  The Mask,1
Let Me Make My Own Mistake,1
Great Lakes / Spook Light,1
Marionette,1
Scarin' O The Green,1
The Creep Next Door,1
Moville Witch Project,1
Jacob Two-Two and the Socks Dimension,1
Life Lessons,1
Lucky in Love,1
Maternal Instinct,1
How to Bond with a Banshee / How to Sabotage a Gargoyle,1
Horned Horror / Cat Lady's Meow,1
Did You Have Fun at the Party?,1
Boy / Did You / Rich Fart,1
The End - Part 2,1
The Man in the Moon / Circus of Horrors / Around the World in 80 Riddles,1
Sidekick - 3,1
Sidekick - 2,1
Kid's Stuff,1
How to Give Your Monster Courage,1
How to Date a Werewolf,1
Un-Amusement Park,1
One Small Step for Mars / Haunted House / The Incredible Crude Oil Monster,1
Batman Begins (2005) 10-Minute Sneak Peek,1
Hot Wheels AcceleRacers: The Speed of Silence (2005),1
How to Be a Good Monstersitter,1
Prize,1
Swear to God,1
Burgatron 9000,1
Journey into Blackness / Cycle Gang / Dive to Disaster,1
Manly Bee - 2,1
Rotting Hills - 3,1
Spiderman,1
Am I A Pervert Or What?,1
The Planet Of Oz,1
Mishcief City,1
"Terror At 20,000 Fathoms",1
Yamato Versus the Masked Marble,1
A Fistful of B-DaBalls,1
"The Once and Future Thing Part 2: Time, Warped",1
Future Shock,1
Roronoa Zolo: The Pirate Hunter,1
How to Catch a Spring Fever,1
The Lava Men / Bazarowurld / The Warlord's Amule,1
Miracle Koala - 2,1
The 9th Life of Sherman Phelps: The Candy Bandit,1
The Putting Edge,1
Wind Water,1
Glamour Girl,1
Mxyzpylt's Flick / Sink Hole / Alien Mummy,1
Martini & Meatballs - 2,1
How to Remind Your Monster Who He Is,1
What A Girl Wants (2003),1
Snailymipcs,1
The Grass Is Greener,1
The Killer Machines / Garden of Doom / Revenge of Bizarro,1
School's Out! The Musical,1
Pipe Down! / The Big Scoop,1
Cosmo Con / Wanda's Day Off!,1
Ruled Out / That's Life!,1
The 13th Floor,1
Surprised,1
Nothing In Common,1
Jungle Cruise,1
Meme,1
Decoy,1
Back To The Norm / Teeth For Two,1
A Mile In My Shoes / Super Bike,1
Pipe Down / Big Scoop,1
Sister Sledgehammer / Pajama Party Prankapalooza,1
"Love 'Em Or Leash ""Em / Teen Team",1
"The End Parts, Part 3",1
"The End Parts, Part 2",1
"The End Parts, Part 1",1
Battle B-Dman,1
Madeline: My Fair Madeline (2002),1
The Fresh Prince Of Bel-Air,1
The Ghost of Cramdilly / A Line in the Litterbox,1
Slumber Party / Off the Leash,1
Tale Of The Tail / Mr. Pickles,1
Angelica Orders Out / Let It Snow,1
Rugrats Chanukah Special,1
Roots?,1
The Father Christmas Affair,1
Care Bears Big Wish Movie (2005),1
A Flintstone Christmas,1
Dot & Spot's Magical Christmas Adventure (1999),1
The Candidate,1
An Ordinary Dentist,1
The Player,1
Zatch Ball!,1
Mixed Up Doubles,1
How to Deal (2003),1
The Equalizer,1
Winx Clun,1
William Shakespeare's Romeo + Juliet (1996) (continued from 10:00pm yesterday),1
Rugrats In Paris: The Movie (2000),1
Brady Beast,1
Lord Of The Files,1
Ruled Out / That's Life,1
Anger Management,1
The Real Dirt,1
Cottage Country,1
Teenage Mutant Ninja Turtles III (1993),1
The Blue Spirit,1
The Storm,1
Break Point,1
Teenage Mutant Ninja Turtles II: The Secret of the Ooze (1991),1
Fortunate Son,1
Every Do Has Its Day,1
Care Bears: Big Wish Movie (2005),1
A Chipmunk Christmas,1
Shades of Gray,1
Public Enemies,1
The Gruesomes,1
Freaky Stories - Interstitials,1
The Flintstones Meet Count Rockula and Frankenstone (1979),1
The Sausage Factory,1
Alvin & the Chipmunks Specials,1
Ghettysburg Ghosts - Voodoo,1
Love's Labors Lost,1
Brown Mountain Lights - Spoon Bending,1
Hypnosis / Pet Psychics,1
YTV's Hit List: Gritty Guitars and Punk-Pop Filled...,1
Barbie and the Magic of Pegasus (2005),1
My Life As a Teenage Robot,1
Cyborg The Barbarian,1
Ogopogo / Mummy,1
YTV's Hit List: Princess of Pop,1
"Blood, Sweat & Tears",1
Hot Wheels: AcceleRacers - The Speed of Silence (2005),1
D.I.C.E,1
"Kagome, Miroku, and Sango: Desperate Situation!",1
Trollz: Best Friends for Life (2005),1
X-Men Evolution,1
Sidekick - 5,1
Yogi Bear's All Star Comedy Christmas Caper (1992),1
Margaret Gets A Job,1
The Christmas Elves (1996),1
The Year Without a Santa Claus (1971),1
The 100th Annual Santa Claus Parade (2005),1
Elfkins First Christmas (2002),1
No Trouble,1
Babes in Toyland (1997),1
Pokémon 4Ever (2001),1
"Let the Games Begin!, Part 2",1
"Let the Games Begin!, Part 1",1
"Unwanted Guest, Part 2",1
Great Snail Race / Mid-Life Crustacean,1
Mermaid Man and Barnacle Boy / Pickles,1
MuscleBob BuffPants / Squidward the Unfriendly Ghost,1
Yamato vs. the Masked Marble: Part Two,1
"The Good, The Bad and The B-Daman",1
Rebel Without B-Daman,1
The Fly on the Wall,1
Kakashi: Sharingan Warrior,1
A River of Candy Corn Runs Through It,1
The Ghost of Gibraltar Point,1
Scary Godmother 2: The Revenge of Jimmy (2005),1
The Million Dollar Ghost,1
Yamato & Terry's Excellent Adventure,1
by Mistake,1
Litter Bug / Pranks Alot,1
Secret Box / Band Geeks,1
Spongebob BC,1
Bubble Stand / Ripped Pants,1
Culture Shock / F.U.N,1
Help Wanted/Reef Blowers/Tea At The Treedome,1
Man In The Moon / Circus Of Horrors / Around,1
The Adventures of Buckaroo Banzai Across the 8th Dimension (1984),1
Sun Scream / City of Frownsville,1
Yvon of The Yukon,1
Fangs (2002),1
Buffy the Vampire Slayer (1992),1
Poltergeist (1983) (continued from 10:00pm),1
Flintstones: The Gruesomes,1
"They Came From The Gateway, Part 2",1
Invasion of the Body Snatchers (1978),1
As Seen on TV / Can You Spare a Dime?,1
The Day the Earth Stood Still (1951),1
Young Frankenstein (1974),1
The Abyss (1989),1
George Shrink,1
Strawberry Shortcake: Adventures on Ice Cream Island (2004),1
Lord of Middle Earth,1
Flight of the Reindeer (2000),1
SoongeBob SquarePants,1
Santa Claus Parade (2004),1
The Night Before Christmas (2004),1
Big Pink Loser / Bubble Buddy,1
Babes in Toyland (1986),1
The Zone: The Magic of Blizzard (2003),1
The Lava Men / Bizarroworld / Warlord's Amulet,1
The Evil From Krypton / The Creature From The Dump,1
Rebel Alliance,1
BEGA on the Rise,1
The BEGA Challenge,1
"My Freaky Valentine, Part 1",1
An Unexpected Enemy,1
"Deja Duel!, Part 2",1
Culture Shock / F.U.N.,1
Mxyzptlk's Flick / Sink Hole / Alien Mummy,1
Stranded,1
Who's Your Mommy? / Clash of the Cousins,1
Lights! Camera! Danger!,1
Killer Machines / Garden Of Doom / Revenge Of Bizarro,1
"Jimmy Neutron: Win, Lose and Kaboom (2004)",1
Chumbucket / Frankendoodle,1
MuscleBob BuffPants / Squidward The Unfriendly Ghost,1
Incredible Space Circus,1
Serenity Lake Sanitorium,1
Bermuda Triangle / Cave,1
Episode 17,1
Attack of the Sandman,1
Mark of the Shapeshifter,1
"Win, Lose or Drew!",1
In The Belly of the Beast,1
The Adventures of Rocky & Bullwinkle (2000),1
Heat / Snow,1
"Pit Of Peril, Part 2",1
Death of Superman,1
Now That's Flower Power!,1
Dragon Ball z,1
Au Pair II (2001),1
"Trapped in the Sky, Part 1",1
"Give or Take a Million, Part 2",1
"Give or Take a Million, Part 1",1
"Ricochet, Part 2",1
"Ricochet, Part 1",1
"Lord Parker's 'oliday, Part 2",1
"Lord Parker's 'oliday, Part 1",1
"Alias Mr. Hackebacker, Part 2",1
"Alias Mr. Hackebacker, Part 1",1
"Path of Destruction, Part 2",1
Invasion of Brain Creatures,1
Daria: Is it College Yet? (2002),1
New Squid in Town! / Wish Fixers,1
Terror From Phantom Zone,1
The Beasts are Coming,1
A Poke-BLOCK Party!,1
We Were Once Bladebreakers...,1
Battle At The Earth's Core,1
Rokan: Enemy From Space,1
Jump for Joy!,1
"Enzo, The Smart",1
Welcome To Dead House,1
Best of Mystery Hunter Investiagations,1
Bell Witch / Anne Boleyn,1
Area 51 / Roswell,1
Dragons / Sewer Gaters,1
Voodoo / Gettysburg Ghost,1
"Hey, Arnold!",1
The Sewer Thing,1
No Rhyme or Reason,1
Mama's Boy,1
A Word From Our Sponsor,1
Gigabyte This,1
Eastern State Penitentary,1
Brainchild / Case Of The Stolen Powers,1
Journey Through Inner Space / Super Friends: Rest in Peace,1
Invasion of the Brain Creatures / Conquerors of the Future,1
Secret Origins of the SuperFriends / Terror from the Phantom Zone,1
Attack of the Vampire / Monolith of Evil,1
"Secret Origins, Part 3",1
"Secret Origins, Part 2",1
Double Talk,1
Wizard Of Oz (1939),1
Beethoven's 2nd (1994),1
Catch Me If You Cane,1
Death Of Superman,1
Twenty Thousand Leagues Under the Seas (1954),1
Beybattle for the Ages,1
Brooklyn's Back,1
Welcome to My Nightmare!,1
Shoe Is Untied / Something Smells,1
Jacob Two-Two and The Quibbling Siblings,1
Jacob Two-Two and The Cranial Classroom Caper,1
Jacob Two-Two and The Troublesome Twosome,1
Members Only,1
Busy's Curse,1
A Charlie Brown Valentine,1
The Mask (1994),1
"Monkey See, Monkey Do",1
The Lord Of The Middle Earth,1
The New Deal,1
Lex Luthor Strikes Back,1
Hot Wheels: AcceleRacers - Ignition (2005),1
Dear Troy,1
Rise And Fall Of The Superfriends,1
Amanda's Romance,1
Battle Of The Gods,1
The Incredible Space Circus,1
Abra-Catastrophe! (2003),1
Yu-Gi-Oh!: Battle City Duels,1
World Beneath The Ice,1
Little White Lie,1
Terror From The Phantom Zone,1
"Attack of the Twonkies, Part 2",1
"Attack of the Twonkies, Part 1",1
"The Egg-pire Strikes Back, Part 2",1
How to Handle a Part-Time Monster / How to Find Your Missing Monster,1
Beyond The Birds And The Bees,1
Attack Of The Vampires,1
Destructive Power,1
Wild Life,1
Black Or White Or Maybe Grey,1
The King and I (1956),1
Fractured,1
The Land Before Time VI: The Secret of Saurus Rock (1998),1
The Science Pair,1
Miss Nose It All,1
Lucky 13,1
"Attack Of The Twonkies, Part 2",1
"Attack Of The Twonkies, Part 1",1
Billion Dollar Boy / Mighty Wheezers,1
Teacher Of The Year,1
Fanning The Flames,1
Shades Of Gray,1
Blondas Have More Fun / Five Days of Flarg,1
Truth or Cosmoquences / Beach Bummed,1
Warpland / Two Gleeks Are Deadlier Than One / Bulgor the Behemoth,1
Santa and Pete (1999),1
Felix the Cat Saves Christmas (2004),1
The Reindeer Herder's Daughter (1997),1
The Tin Soldier (1995),1
"Care Bear Nutcracker, Part 3",1
"Care Bear Nutcracker, Part 2",1
Christmas Flintstone,1
Homeschooling,1
Making Of Blizzard,1
Revenge Of Doom / A Pint Of Life / Day Of The Dinosaurs,1
Smoke Screen,1
An F In Friendship,1
The Seeds Of Doom,1
Where Do I Belong?,1
Mad Dog Ducharme,1
The Case Of The Dreadful Dolls / The Royal Ruse,1
The Clod Who Would Be Kind,1
The Walrus Between Us,1
No Honor Among Thieves / Mr. Mxyzptlk & The Magic,1
Merlin: Part 2 (1998),1
"All Torkoal, No Play",1
Going for a Spinda,1
"Going, Going, Yawn",1
License To Smell,1
The Bride Of Darkseid,1
Merlin: Part 1 (1998),1
Tales from the Neverending Story: The Gift of the Name (2001),1
Tales from the Neverending Story: The Beginning (2001),1
Return Of The Phantoms / Bully For You / Superclones,1
Dilemma,1
Terror of the Faceless Man,1
Cagalli Returns,1
Burying the Past (Part 2),1
Aftershock,1
Giant Lizard,1
Jane the the Dragon,1
Grossolgy,1
Garfield the Movie (2004),1
Giant Shark,1
Spider-Man: The Ultimate Villain Showdown (2002),1
Best of Season 2,1
Rugrats Go Wild! (2003),1
New England Vampires / Aurora Borealis,1
Transform Heartache Into Courage,1
Spider-Man: The Venom Saga (2005),1
Trial By Fire,1
Live or Die: Risk it All to Win it All!,1
MÄR,1
"The Karate Kid, Part II (1986)",1
Water Monsters,1
Inuyasha the Movie: Fire on the Mystic Island (2004),1
Run Idate Run!  Nagi Island Awaits!,1
The Race is On!  Trouble On the High Seas!,1
Mission: Help an Old Friend in the Land of Tea,1
Gotta See! Gotta Know! Kakashi-Sensei's True Face,1
The Curse,1
Once in a Blue Luna,1
Edgar & Ellen: Trick or Twins (2006),1
Return of the Nanobots,1
A Beautiful Mine,1
Make Room for Daddy-O,1
Maximum Hugh / Aaughh!! Wilderness!!,1
Field of Frights / Razor of Allure / Crate of Expectations,1
Catwalk of Outrage / Ghosts of Intangibility / Barrels...,1
Cruise of Disaster / Dolphins of Doom / Bicepts of Tri...,1
A Night Before Christmas,1
The Kiss Under The Mistletoe,1
Leon In The Wintertime (2007),1
The Golden Compass: Making Of Special,1
Sabrina in Friends Forever (2002),1
"Shaken, Not Scared",1
Double Double Toil Trouble (1993),1
Doom with a View,1
Fullmetal Alchemist: Conqueror of Shamballa (2005),1
Inu Yasha,1
"Planes, Trains & Automobiles  (1987)",1
Thunderbirds (2004),1
Mobile Gundam SEED Destiny,1
Itsy Bitsy (Bio),1
Ella Enchanted,1
"Peace, Love, and Misunderstanding",1
Underwater UFOs,1
Diapers of Dispair!,1
Kangaroos of Menace!,1
Lamps of Confusion!,1
Hunchback of Heartbreak!,1
Diapers of Despair!,1
Factory of Frustration!,1
Spider-Man: The Venom Saga (1996),1
Slim N Lift (Paid Programming),1
Lifetime of Country Romance (Paid Programming),1
The Weird Years,1
Spider-Man: The Return of Green Goblin,1
Jonah: A Veggietales Movie (2002),1
Cape of Majesty!,1
Bears of Disruption!,1
Convicts of Shame!,1
Saddles of Insantiy!,1
Rugrats: Tales from the Crib: Three Jacks and a Beanstalk (2006),1
Rugrats: Tales from the Crib: Snow White (2005),1
Hi HI Puffy AmiYumi,1
Edgar & Ellen: Crushed,1
Brockman/Lee Family vs. Flynn Family,1
Justice League: Unlimited,1
FullMetal Alchemist,1
Beverly Hills Ninja (1997),1
Pokémon Heroes (2003),1
Pyramids of Panic!,1
Gondolas of Jealousy!,1
Spider-Man: The Return of the Green Goblin,1
Hunchback of Heartbreak,1
Adrenalini Brothers Shorts,1
Paid Programming  Hip Hop Abs (Infomercial),1
Peaks of Peril!,1
Pokémon Heroes (2002),1
Claws of Malice!,1
The 9th Life of Sherman Phelps - 2,1
Good Boy (2003),1
Breakdown! The Deal is Off!,1
Saddles of Insanity!,1
Vikings of Romance!,1
Spider-Man: The Venom Saga,1
Hooves of Thunder!,1
The Baby Comes Out,1
Beans of Magnitude!,1
Flowers of Dread!,1
Tony Hawk in Boom Boom Sabotage,1
G.I. Joe Sigma,1
Yu-Gi-Oh! GX!,1
Mommy Nearest,1
Orbitrek Elite,1
House Party,1
Local Heroes,1
The Haunted,1
"The Good, the Bad and the L'il / Pop Goes the Milo",1
The Ghost of Whitby Courthouse,1
Dinos - Imotep,1
Under Pressure,1
Amazons / Thunderbird,1
Guelph Jail,1
Dream Weasel,1
"Missed Manners / Domo Ari Otto, Mr. Robotto",1
Endurance Tehachapi,1
Chimps Ahoy / Ghost Host,1
Hooky / Mermaidman and Barnacleboy II,1
Family Portrait,1
Falcoln Beach,1
"Peace, Love and Misunderstanding",1
The Last Stand / Fifty Ways to Leave Your Liver,1
Ubergloom,1
Poe-Ranoia,1
Deja Vu - Again,1
My Frogs Lips are Sealed / Stage Coached,1
Sibling Revelry / Messy Beaucoup,1
"Will and Grass / Stain, Stain, Go Away",1
Into Thin Air,1
Don't Cross Me,1
Time Machine,1
Secret Admirer,1
Cool Hand Marshals,1
Strange Fruit,1
Cosmic High,1
Skull In The Family,1
Name That Toon,1
Seeing Eye to Eyes,1
When Fools Rush In / A Slight Mthunderstanding,1
Switch Hitch / Appetite for Instructions,1
Come Rain or Come Slime / Rear Basement Window,1
Snack Time,1
Mindreader,1
Earthquake,1
War of the Roses,1
An Officer and a Chipmunk,1
Ton Ton! I'm Counting on You!,1
Sakura's Determination!,1
Pure Terror!  The House of Orochimaru!,1
Blondas Have More Fun / Five Days of FLARG,1
A Secret Sphere of Influence!,1
"A Town of Outlaws, The Shadow of the Fuma Clan",1
Double Frog Dare / Wreckfast in Bed,1
Custom House,1
Leacock House,1
Orillia Opera House,1
Bertie Hall,1
Fort Erie,1
Oakville Theater,1
Campbell House,1
Woodland Ruins,1
Spruce Lane Farms,1
HMSC Haida,1
Velocity,1
Black Gorge,1
Tranquility Now,1
Spy Buddies / Boat Smarts / Good Ol' Whatshisname,1
A New Leaf,1
Frankenbooger,1
School's Grossed Out For Summer,1
Kid Rot,1
Go Fish,1
Something Smells / Bossy Boots,1
Mighty Mom and Dyno Dad Meet the Crimson Chin / Engine Blocked,1
Who Framed Jimmy Neutron? / Flippy,1
"Lights, Camera, Danger!",1
Monster Hunt / Jimmy For President,1
Things That Go Flump in the Night / My New Boots,1
Scavengers,1
Sins of the Father,1
The Naked Brothers Band: The Movie (2005),1
VMA's,1
The New Best Friend,1
iDream or Dance,1
Run Milo Run / Blizzard of Ooze,1
Family Reunion,1
The Addams Family (1992),1
Alien Invasion,1
A Mile in My Shoes / Super Bike,1
Procrastination / I'm with Stupid,1
The Billion Dollar Boy / The Mighty Wheezers,1
Captian Flamingo,1
A Man Needs a Maid,1
A Rebel and a Skateboarder,1
Puberty,1
Best of Mystery Hunters,1
Stonehenge,1
Chupacabra,1
Seriously Haunted,1
Madisons Inn,1
Erchless Estates,1
H20Vac (Paid Programming),1
"I Scream, You Scram! / Ball of Confusion",1
Melanie's Monkey / Funny Business,1
Oh Brother / What's the Difference?,1
Power Pals! / Emotion Commotion!,1
Kung Timmy / Which Witch is Which?,1
Through A Glass Darkly,1
Garfield in Paradise (1986),1
Garfield's Feline Fantasies (1990),1
Garfield Gets a Life (1991),1
Best Of Mystery Hunters,1
Treasure Fort / Atlantis,1
Werewolves - Dracula,1
"Aliens in the Wild, Wild West (1999)",1
Chocolate with Nuts / Mermaidman and Barnacleboy V,1
Unicorn Club,1
Aliens Exist,1
YTV Hit List Special,1
Chasing Liberty (2004),1
Chocolate With Nuts/Superfriends,1
The Princess Bride (1986),1
Timmy's 2-D House of Horror / It's a Wishful Life,1
Pokémon 3 the Movie: Spell of the Unown (2000),1
Love's Labours Lost,1
Inyuasha The Movie: Affections Touching Across Time (2001),1
Metal Mouth,1
Attack Of The Junk Monster,1
Mermaid Man & Barnacle Boy VI / Enemy-In-Law,1
Mermaidman And Barnacle Boy III / Squirrel Jokes,1
Hooky / Mermaidman & Barnacle Boy II,1
The Ghost of Casa Loma,1
The Ghost of Herald House,1
K-911 (1999),1
Plant Life,1
Parched,1
In For A Penny,1
Paintball Wizard,1
Meeting Of The Quarter Moon,1
Masquerade,1
The Beast From Beneath the Sea,1
Pecky Head,1
Flames of Fury / Kilts of Uproar / Claws of Malice,1
A Beautiful Day to Be French,1
Jacob Two-Two and the MataHari Hamster,1
Cheese the Day / Beach Blanket Flamingo,1
Last Ride of the Skeleton Crew,1
The Giant Lobster Invasion,1
Attack of the Giant Anaconda,1
Things Change,1
Ascension,1
Bowling Madness,1
"Boardroom Inc., World's Greatest Treasure (Paid Programming)",1
Jury Duty,1
The Fairly Oddparents: Channel Chasers (2004),1
Microphony / So Totally Spaced Out,1
Life Saver,1
"Aftershock, Part 2",1
Pippi Longstocking (1997),1
Superstars of the 80's (Paid Programming),1
MicroPhony / So Totally Spaced Out,1
Jane & the Dragon,1
.hack//sign,1
Barbie Fairtyopia: Mermadia (2006),1
Gary,1
"Curve Balls, Part 2",1
Mastermind,1
Beyblade the Movie: Fierce Battle (2002),1
No Free Rides / I'm Your Biggest Fanatic,1
Litter Bug/Pranks Alot,1
Spongebob Bc,1
Transformers Cybertron: Fallen (2005),1
About A Girl,1
Funky Monkey (2004),1
The Mummy Returns,1
Bringing Down The House / To The Moon,1
Party Politics,1
Beddy Bye / Grass Is Greener,1
Cuckoo in the Nest,1
Night at the Office,1
Rotting Hills,1
Bringing  Down the House / To the Moon,1
Wet Painters / Krusty Krab Training,1
Yoga Booty Ballet (Paid Programming),1
The Jimmy Timmy Power Hour (2004),1
Secret Box/Band Geeks,1
The Fly On The Wall,1
Bob Gets Wired,1
The Adventures of Pinocchio (1996),1
"It's The Easter Beagle, Charlie Brown (1974)",1
Yu-Gi-Oh!: Dawn of the Duel,1
Jonah: A VeggieTales Movie (2002),1
Home Therapeutics: Sonic Relief,1
The Fairly Oddparents: Abra-Catastrophe! (2003),1
Xialoin Showdown,1
Home Therapeutics: Sonic Relief (Paid Programming),1
Windsor Pilates (Paid Programming),1
Direct Buy,1
On Location,1
All I Want for Christmas,1
A Fairy Tale Christmas (2006),1
Elfkin's First Christmas (2002),1
Festival Christmas Carols 2006,1
Festival of Christmas Carols 2006,1
All I Want For Christmas,1
Felix The Cat Saves Christmas (2004),1
Flat,1
"Yes Virginia, There Is a Santa Claus",1
Elfkins First Christmas  (2002),1
"I Want a Dog for Christmas, Charlie Brown! (2003)",1
Garfield's Christmas Special,1
Jingle Bell Rock,1
Santa Claus Is Coming To Town,1
Santa Claus Parade (2006),1
Santa Mouse & Ratdeer (2000),1
Magic Gift Of The Snowman (1995),1
Rudolph The Red-Nosed Reindeer: The Movie (1998),1
Something for Nothing,1
Barbie and the 12 Dancing Princesses (2006),1
The Butler Did It,1
Yates Family vs. MacLellan Family,1
The Fresh-Prince of Bel-Air,1
Bowling,1
Mooving Day/Big Wanda,1
The Land Before Time XI: Invasion of the Tinysauruses (2005),1
The Mysterious Tooth Crisis,1
White Rock,1
Day of the Shadows (Part 2),1
Goonies (1985),1
Adventures in Babysitting(1987),1
"Happy New Year, Charlie Brown",1
Paid Programing,1
"Blood, Sweat and Tears",1
Movie Madness,1
The Iceman Cometh,1
"The Bond Between Them, Use the Sacred Jewel Shard! (Part 2)",1
Inuyasha the Movie 3: Swords of an Honorable Ruler,1
Ultimate Defense: Zero Blind Spot!,1
A Hurdle for Squirtle,1
Camaraderie Contest,1
Land Before Time IV: Journey Through the Mists,1
Land Before Time III: Time of the Great Giving,1
All Grown up,1
Land Before Time II: The Great Valley Adventure,1
Pokemon: Advanced,1
Reality Trip,1
Sixty Feer Under,1
Fish At The Bat,1
I Dream Of Jimmy/Raise The Oozy Scab,1
Timmy's 2d House Of Horror / It's A Wishful Life,1
Unicorn Club/Go Gomez! Go!,1
Ransom/Ms. Perfect,1
Teenage Mutant Ninja Turtles II (1991),1
Ghost Tracker,1
Show Me The Bunny,1
For Whom The Wedding Bell Toll,1
The Soup Kitchen,1
Lake Monster,1
They Lurk Beneath,1
Curse of the Mummies,1
Jacob Two Two and the After School Abattoir,1
Little Camp of Horrors,1
Rise of the Sea Mutants,1
The Baby Charmer / Monster Trash,1
Babysitting,1
The Ghost Of Heritage Theatre,1
They Came From The Gateway,1
The Prankster,1
The Return Of A Man Called...,1
Love & War,1
Resurrection (1980),1
Robyn The Boss,1
The Teleporter,1
Scary Godmother 2 (2005),1
Movie Monster Mayhem,1
The Slim Slime Man,1
Surgery,1
Scary Godmother 2,1
The Flintsones Meet Count Rockula And Frankentsone (1979),1
'Til Death Do Us Part,1
"It's the Great Pumpkin, Charlie Brown",1
Edgar & Ellen: Trick of Twins,1
Show Me the Bunny,1
Ireland House,1
Paid Porgramming,1
Garfield's Thanksgiving,1
A Charlie Brown Thanksgiving,1
Strangers in a Strange Land,1
"Jimmy Neutron, Boy Genius (2001)",1
The Art Auction,1
The Fifth Gate: A Splendid Ninja is Born {{New '06,1
Lee's Hidden Strength: Forbidden Secret Jutsu!,1
Gaara vs. Rock Lee: The Power of Youth Explodes!,1
The Dinner Party,1
Pokémon: Jirachi Wish-Maker (2004),1
Spider-Man vs. Doc Ock (2004),1
